Entity,Code,Year,Life expectancy
Afghanistan,AFG,2010,60.7018
Afghanistan,AFG,2011,61.2503
Afghanistan,AFG,2012,61.7349
Afghanistan,AFG,2013,62.1878
Afghanistan,AFG,2014,62.2599
Afghanistan,AFG,2015,62.2695
Afghanistan,AFG,2016,62.6459
Afghanistan,AFG,2017,62.4062
Afghanistan,AFG,2018,62.4434
Afghanistan,AFG,2019,62.9411
Afghanistan,AFG,2020,61.4537
Afghanistan,AFG,2021,60.4174
Afghanistan,AFG,2022,65.617
Afghanistan,AFG,2023,66.0346
Africa,OWID_AFR,2010,58.7703
Africa,OWID_AFR,2011,58.9598
Africa,OWID_AFR,2012,59.8046
Africa,OWID_AFR,2013,60.2673
Africa,OWID_AFR,2014,60.4728
Africa,OWID_AFR,2015,60.8437
Africa,OWID_AFR,2016,61.2078
Africa,OWID_AFR,2017,61.514
Africa,OWID_AFR,2018,62.1674
Africa,OWID_AFR,2019,62.449
Africa,OWID_AFR,2020,62.2572
Africa,OWID_AFR,2021,61.7866
Africa,OWID_AFR,2022,62.9205
Africa,OWID_AFR,2023,63.8428
Albania,ALB,2010,78.4141
Albania,ALB,2011,78.3029
Albania,ALB,2012,78.0836
Albania,ALB,2013,77.9951
Albania,ALB,2014,78.0291
Albania,ALB,2015,78.358
Albania,ALB,2016,78.6433
Albania,ALB,2017,78.9003
Albania,ALB,2018,79.2377
Albania,ALB,2019,79.4669
Albania,ALB,2020,77.8241
Albania,ALB,2021,76.8442
Albania,ALB,2022,78.7688
Albania,ALB,2023,79.6019
Algeria,DZA,2010,74.1435
Algeria,DZA,2011,74.3834
Algeria,DZA,2012,74.6086
Algeria,DZA,2013,74.8095
Algeria,DZA,2014,74.9923
Algeria,DZA,2015,75.1589
Algeria,DZA,2016,75.3099
Algeria,DZA,2017,75.4313
Algeria,DZA,2018,75.5554
Algeria,DZA,2019,75.6818
Algeria,DZA,2020,73.2568
Algeria,DZA,2021,75.2077
Algeria,DZA,2022,76.1289
Algeria,DZA,2023,76.261
American Samoa,ASM,2010,72.5866
American Samoa,ASM,2011,72.6621
American Samoa,ASM,2012,72.7093
American Samoa,ASM,2013,72.7692
American Samoa,ASM,2014,72.6873
American Samoa,ASM,2015,72.6543
American Samoa,ASM,2016,72.6399
American Samoa,ASM,2017,72.8009
American Samoa,ASM,2018,72.794
American Samoa,ASM,2019,72.7511
American Samoa,ASM,2020,72.6717
American Samoa,ASM,2021,72.708
American Samoa,ASM,2022,72.7521
American Samoa,ASM,2023,72.8518
Americas,,2010,75.4472
Americas,,2011,75.9343
Americas,,2012,76.1301
Americas,,2013,76.2643
Americas,,2014,76.4082
Americas,,2015,76.472
Americas,,2016,76.4312
Americas,,2017,76.5049
Americas,,2018,76.6965
Americas,,2019,76.857
Americas,,2020,74.9717
Americas,,2021,73.8796
Americas,,2022,76.1444
Americas,,2023,77.2922
Andorra,AND,2010,84.1974
Andorra,AND,2011,84.2965
Andorra,AND,2012,84.3339
Andorra,AND,2013,84.4065
Andorra,AND,2014,84.4853
Andorra,AND,2015,84.5316
Andorra,AND,2016,84.4885
Andorra,AND,2017,84.3595
Andorra,AND,2018,84.2416
Andorra,AND,2019,84.098
Andorra,AND,2020,79.4177
Andorra,AND,2021,82.3311
Andorra,AND,2022,84.0164
Andorra,AND,2023,84.0406
Angola,AGO,2010,57.242
Angola,AGO,2011,58.0931
Angola,AGO,2012,58.916
Angola,AGO,2013,59.7048
Angola,AGO,2014,60.3956
Angola,AGO,2015,61.042
Angola,AGO,2016,61.6189
Angola,AGO,2017,62.1221
Angola,AGO,2018,62.6219
Angola,AGO,2019,63.0511
Angola,AGO,2020,63.1164
Angola,AGO,2021,62.9581
Angola,AGO,2022,64.2455
Angola,AGO,2023,64.617
Anguilla,AIA,2010,77.2078
Anguilla,AIA,2011,77.3048
Anguilla,AIA,2012,77.4058
Anguilla,AIA,2013,77.6236
Anguilla,AIA,2014,77.6962
Anguilla,AIA,2015,77.7411
Anguilla,AIA,2016,77.8764
Anguilla,AIA,2017,77.1738
Anguilla,AIA,2018,78.2359
Anguilla,AIA,2019,78.4253
Anguilla,AIA,2020,78.6562
Anguilla,AIA,2021,78.4144
Anguilla,AIA,2022,79.1194
Anguilla,AIA,2023,79.3115
Antigua and Barbuda,ATG,2010,76.7013
Antigua and Barbuda,ATG,2011,77.0227
Antigua and Barbuda,ATG,2012,77.1
Antigua and Barbuda,ATG,2013,77.0496
Antigua and Barbuda,ATG,2014,76.9122
Antigua and Barbuda,ATG,2015,76.8924
Antigua and Barbuda,ATG,2016,76.9684
Antigua and Barbuda,ATG,2017,77.0296
Antigua and Barbuda,ATG,2018,77.1325
Antigua and Barbuda,ATG,2019,77.1681
Antigua and Barbuda,ATG,2020,77.1613
Antigua and Barbuda,ATG,2021,77.197
Antigua and Barbuda,ATG,2022,77.4833
Antigua and Barbuda,ATG,2023,77.5976
Argentina,ARG,2010,75.68
Argentina,ARG,2011,76.0998
Argentina,ARG,2012,75.8024
Argentina,ARG,2013,75.8292
Argentina,ARG,2014,76.2678
Argentina,ARG,2015,76.5995
Argentina,ARG,2016,76.105
Argentina,ARG,2017,76.5434
Argentina,ARG,2018,76.7698
Argentina,ARG,2019,76.8475
Argentina,ARG,2020,75.8781
Argentina,ARG,2021,73.9485
Argentina,ARG,2022,75.8061
Argentina,ARG,2023,77.3947
Armenia,ARM,2010,72.9381
Armenia,ARM,2011,73.1852
Armenia,ARM,2012,73.4396
Armenia,ARM,2013,73.7131
Armenia,ARM,2014,73.98
Armenia,ARM,2015,74.229
Armenia,ARM,2016,74.4937
Armenia,ARM,2017,74.7441
Armenia,ARM,2018,74.9783
Armenia,ARM,2019,75.1931
Armenia,ARM,2020,68.8898
Armenia,ARM,2021,72.5524
Armenia,ARM,2022,74.6333
Armenia,ARM,2023,75.6827
Aruba,ABW,2010,74.2973
Aruba,ABW,2011,74.5776
Aruba,ABW,2012,74.8415
Aruba,ABW,2013,75.0718
Aruba,ABW,2014,75.261
Aruba,ABW,2015,75.4054
Aruba,ABW,2016,75.5398
Aruba,ABW,2017,75.6203
Aruba,ABW,2018,75.8797
Aruba,ABW,2019,76.0193
Aruba,ABW,2020,75.4061
Aruba,ABW,2021,73.655
Aruba,ABW,2022,76.2258
Aruba,ABW,2023,76.353
Asia,OWID_ASI,2010,71.3792
Asia,OWID_ASI,2011,71.6838
Asia,OWID_ASI,2012,72.042
Asia,OWID_ASI,2013,72.3591
Asia,OWID_ASI,2014,72.7056
Asia,OWID_ASI,2015,72.9697
Asia,OWID_ASI,2016,73.2724
Asia,OWID_ASI,2017,73.4919
Asia,OWID_ASI,2018,73.7937
Asia,OWID_ASI,2019,74.0468
Asia,OWID_ASI,2020,73.6064
Asia,OWID_ASI,2021,72.3714
Asia,OWID_ASI,2022,74.4278
Asia,OWID_ASI,2023,74.5661
Australia,AUS,2010,82.0132
Australia,AUS,2011,82.0911
Australia,AUS,2012,82.2966
Australia,AUS,2013,82.5511
Australia,AUS,2014,82.5182
Australia,AUS,2015,82.605
Australia,AUS,2016,82.8014
Australia,AUS,2017,82.7184
Australia,AUS,2018,83.2582
Australia,AUS,2019,83.2412
Australia,AUS,2020,83.6639
Australia,AUS,2021,83.564
Australia,AUS,2022,82.7662
Australia,AUS,2023,83.9228
Austria,AUT,2010,80.4634
Austria,AUT,2011,80.8281
Austria,AUT,2012,80.8407
Austria,AUT,2013,81.078
Austria,AUT,2014,81.39
Austria,AUT,2015,81.1592
Austria,AUT,2016,81.5922
Austria,AUT,2017,81.6387
Austria,AUT,2018,81.6859
Austria,AUT,2019,81.9072
Austria,AUT,2020,81.8037
Austria,AUT,2021,81.8204
Austria,AUT,2022,81.2959
Austria,AUT,2023,81.9559
Azerbaijan,AZE,2010,70.3088
Azerbaijan,AZE,2011,70.5651
Azerbaijan,AZE,2012,71.0799
Azerbaijan,AZE,2013,71.4849
Azerbaijan,AZE,2014,71.9304
Azerbaijan,AZE,2015,72.3486
Azerbaijan,AZE,2016,72.5678
Azerbaijan,AZE,2017,72.6943
Azerbaijan,AZE,2018,73.0156
Azerbaijan,AZE,2019,73.29
Azerbaijan,AZE,2020,70.3116
Azerbaijan,AZE,2021,70.9994
Azerbaijan,AZE,2022,74.125
Azerbaijan,AZE,2023,74.4286
Bahamas,BHS,2010,73.4487
Bahamas,BHS,2011,73.5712
Bahamas,BHS,2012,73.7069
Bahamas,BHS,2013,73.9304
Bahamas,BHS,2014,74.0286
Bahamas,BHS,2015,73.8047
Bahamas,BHS,2016,74.0421
Bahamas,BHS,2017,74.0314
Bahamas,BHS,2018,74.062
Bahamas,BHS,2019,71.4084
Bahamas,BHS,2020,72.9936
Bahamas,BHS,2021,70.752
Bahamas,BHS,2022,74.4911
Bahamas,BHS,2023,74.5518
Bahrain,BHR,2010,78.5933
Bahrain,BHR,2011,79.1409
Bahrain,BHR,2012,79.6218
Bahrain,BHR,2013,79.9981
Bahrain,BHR,2014,80.2139
Bahrain,BHR,2015,80.3378
Bahrain,BHR,2016,80.407
Bahrain,BHR,2017,80.4067
Bahrain,BHR,2018,80.4118
Bahrain,BHR,2019,80.4706
Bahrain,BHR,2020,78.6833
Bahrain,BHR,2021,78.0826
Bahrain,BHR,2022,80.9921
Bahrain,BHR,2023,81.2835
Bangladesh,BGD,2010,68.0091
Bangladesh,BGD,2011,68.4988
Bangladesh,BGD,2012,68.9894
Bangladesh,BGD,2013,69.4874
Bangladesh,BGD,2014,70.0162
Bangladesh,BGD,2015,70.5429
Bangladesh,BGD,2016,71.0752
Bangladesh,BGD,2017,71.6056
Bangladesh,BGD,2018,72.1217
Bangladesh,BGD,2019,72.6254
Bangladesh,BGD,2020,71.4211
Bangladesh,BGD,2021,71.1035
Bangladesh,BGD,2022,74.2647
Bangladesh,BGD,2023,74.6723
Barbados,BRB,2010,75.4882
Barbados,BRB,2011,75.5985
Barbados,BRB,2012,75.7373
Barbados,BRB,2013,75.816
Barbados,BRB,2014,75.9263
Barbados,BRB,2015,76.0546
Barbados,BRB,2016,76.1681
Barbados,BRB,2017,76.2365
Barbados,BRB,2018,76.3784
Barbados,BRB,2019,76.4951
Barbados,BRB,2020,76.6465
Barbados,BRB,2021,76.5797
Barbados,BRB,2022,75.6761
Barbados,BRB,2023,76.1782
Belarus,BLR,2010,70.5005
Belarus,BLR,2011,71.0679
Belarus,BLR,2012,71.8
Belarus,BLR,2013,72.6808
Belarus,BLR,2014,73.245
Belarus,BLR,2015,73.7607
Belarus,BLR,2016,74.1532
Belarus,BLR,2017,74.3618
Belarus,BLR,2018,74.3344
Belarus,BLR,2019,74.2555
Belarus,BLR,2020,72.269
Belarus,BLR,2021,72.2206
Belarus,BLR,2022,74.3612
Belarus,BLR,2023,74.4339
Belgium,BEL,2010,80.04
Belgium,BEL,2011,80.3664
Belgium,BEL,2012,80.2604
Belgium,BEL,2013,80.4668
Belgium,BEL,2014,81.0802
Belgium,BEL,2015,80.8889
Belgium,BEL,2016,81.2647
Belgium,BEL,2017,81.3624
Belgium,BEL,2018,81.4805
Belgium,BEL,2019,81.8353
Belgium,BEL,2020,80.7977
Belgium,BEL,2021,81.6591
Belgium,BEL,2022,81.1589
Belgium,BEL,2023,82.115
Belize,BLZ,2010,70.8753
Belize,BLZ,2011,70.9755
Belize,BLZ,2012,71.1342
Belize,BLZ,2013,71.2757
Belize,BLZ,2014,71.4372
Belize,BLZ,2015,71.6467
Belize,BLZ,2016,71.8433
Belize,BLZ,2017,72.062
Belize,BLZ,2018,72.3215
Belize,BLZ,2019,72.5766
Belize,BLZ,2020,71.5801
Belize,BLZ,2021,70.917
Belize,BLZ,2022,72.1904
Belize,BLZ,2023,73.5656
Benin,BEN,2010,58.3873
Benin,BEN,2011,58.4618
Benin,BEN,2012,58.5585
Benin,BEN,2013,58.8634
Benin,BEN,2014,59.0082
Benin,BEN,2015,59.1233
Benin,BEN,2016,59.2826
Benin,BEN,2017,59.5278
Benin,BEN,2018,59.7097
Benin,BEN,2019,59.8875
Benin,BEN,2020,60.154
Benin,BEN,2021,59.6103
Benin,BEN,2022,60.4751
Benin,BEN,2023,60.7738
Bermuda,BMU,2010,79.4139
Bermuda,BMU,2011,79.6515
Bermuda,BMU,2012,79.8475
Bermuda,BMU,2013,80.0156
Bermuda,BMU,2014,80.1986
Bermuda,BMU,2015,80.3378
Bermuda,BMU,2016,80.4761
Bermuda,BMU,2017,80.6861
Bermuda,BMU,2018,80.9856
Bermuda,BMU,2019,81.2507
Bermuda,BMU,2020,81.4562
Bermuda,BMU,2021,81.7451
Bermuda,BMU,2022,82.0616
Bermuda,BMU,2023,82.3089
Bhutan,BTN,2010,68.7648
Bhutan,BTN,2011,69.2802
Bhutan,BTN,2012,69.7589
Bhutan,BTN,2013,70.1611
Bhutan,BTN,2014,70.5035
Bhutan,BTN,2015,70.7971
Bhutan,BTN,2016,71.1193
Bhutan,BTN,2017,71.4127
Bhutan,BTN,2018,71.7113
Bhutan,BTN,2019,72.0049
Bhutan,BTN,2020,72.2531
Bhutan,BTN,2021,72.4482
Bhutan,BTN,2022,72.754
Bhutan,BTN,2023,72.9753
Bolivia,BOL,2010,66.0033
Bolivia,BOL,2011,66.2816
Bolivia,BOL,2012,66.5858
Bolivia,BOL,2013,66.7773
Bolivia,BOL,2014,66.9697
Bolivia,BOL,2015,67.2052
Bolivia,BOL,2016,67.3925
Bolivia,BOL,2017,67.5357
Bolivia,BOL,2018,67.6992
Bolivia,BOL,2019,67.8198
Bolivia,BOL,2020,62.906
Bolivia,BOL,2021,61.4268
Bolivia,BOL,2022,67.4342
Bolivia,BOL,2023,68.5814
Bonaire Sint Eustatius and Saba,BES,2010,76.7429
Bonaire Sint Eustatius and Saba,BES,2011,76.3668
Bonaire Sint Eustatius and Saba,BES,2012,76.1875
Bonaire Sint Eustatius and Saba,BES,2013,76.1863
Bonaire Sint Eustatius and Saba,BES,2014,76.9465
Bonaire Sint Eustatius and Saba,BES,2015,77.7542
Bonaire Sint Eustatius and Saba,BES,2016,77.3659
Bonaire Sint Eustatius and Saba,BES,2017,77.6048
Bonaire Sint Eustatius and Saba,BES,2018,77.1027
Bonaire Sint Eustatius and Saba,BES,2019,77.2373
Bonaire Sint Eustatius and Saba,BES,2020,77.213
Bonaire Sint Eustatius and Saba,BES,2021,77.8843
Bonaire Sint Eustatius and Saba,BES,2022,78.1545
Bonaire Sint Eustatius and Saba,BES,2023,77.4355
Bosnia and Herzegovina,BIH,2010,76.827
Bosnia and Herzegovina,BIH,2011,76.9632
Bosnia and Herzegovina,BIH,2012,77.0365
Bosnia and Herzegovina,BIH,2013,77.1292
Bosnia and Herzegovina,BIH,2014,77.089
Bosnia and Herzegovina,BIH,2015,77.0733
Bosnia and Herzegovina,BIH,2016,77.1241
Bosnia and Herzegovina,BIH,2017,77.3855
Bosnia and Herzegovina,BIH,2018,77.9425
Bosnia and Herzegovina,BIH,2019,77.3939
Bosnia and Herzegovina,BIH,2020,76.0395
Bosnia and Herzegovina,BIH,2021,74.5673
Bosnia and Herzegovina,BIH,2022,76.7772
Bosnia and Herzegovina,BIH,2023,77.8504
Botswana,BWA,2010,59.1373
Botswana,BWA,2011,59.7149
Botswana,BWA,2012,60.3844
Botswana,BWA,2013,61.2167
Botswana,BWA,2014,62.1675
Botswana,BWA,2015,63.215
Botswana,BWA,2016,64.3199
Botswana,BWA,2017,65.4203
Botswana,BWA,2018,66.3709
Botswana,BWA,2019,67.1668
Botswana,BWA,2020,67.6426
Botswana,BWA,2021,63.3025
Botswana,BWA,2022,68.7487
Botswana,BWA,2023,69.1631
Brazil,BRA,2010,73.779
Brazil,BRA,2011,74.0473
Brazil,BRA,2012,74.3346
Brazil,BRA,2013,74.6093
Brazil,BRA,2014,74.8225
Brazil,BRA,2015,75.1064
Brazil,BRA,2016,75.0805
Brazil,BRA,2017,75.3835
Brazil,BRA,2018,75.6335
Brazil,BRA,2019,75.8093
Brazil,BRA,2020,74.5058
Brazil,BRA,2021,73.0377
Brazil,BRA,2022,74.8719
Brazil,BRA,2023,75.8482
British Virgin Islands,VGB,2010,76.2892
British Virgin Islands,VGB,2011,76.363
British Virgin Islands,VGB,2012,76.4335
British Virgin Islands,VGB,2013,76.4721
British Virgin Islands,VGB,2014,76.5271
British Virgin Islands,VGB,2015,76.5582
British Virgin Islands,VGB,2016,76.6242
British Virgin Islands,VGB,2017,75.6699
British Virgin Islands,VGB,2018,76.7281
British Virgin Islands,VGB,2019,76.8452
British Virgin Islands,VGB,2020,76.8941
British Virgin Islands,VGB,2021,75.297
British Virgin Islands,VGB,2022,77.177
British Virgin Islands,VGB,2023,77.2758
Brunei,BRN,2010,74.8195
Brunei,BRN,2011,74.8355
Brunei,BRN,2012,74.8428
Brunei,BRN,2013,74.8544
Brunei,BRN,2014,74.862
Brunei,BRN,2015,74.8802
Brunei,BRN,2016,74.9054
Brunei,BRN,2017,74.9429
Brunei,BRN,2018,74.9915
Brunei,BRN,2019,75.049
Brunei,BRN,2020,75.1138
Brunei,BRN,2021,74.8692
Brunei,BRN,2022,72.9171
Brunei,BRN,2023,75.3266
Bulgaria,BGR,2010,73.814
Bulgaria,BGR,2011,74.1693
Bulgaria,BGR,2012,74.3373
Bulgaria,BGR,2013,74.8277
Bulgaria,BGR,2014,74.4664
Bulgaria,BGR,2015,74.6208
Bulgaria,BGR,2016,74.8271
Bulgaria,BGR,2017,74.7977
Bulgaria,BGR,2018,74.9325
Bulgaria,BGR,2019,75.0874
Bulgaria,BGR,2020,73.5992
Bulgaria,BGR,2021,71.4137
Bulgaria,BGR,2022,74.0342
Bulgaria,BGR,2023,75.6363
Burkina Faso,BFA,2010,56.343
Burkina Faso,BFA,2011,57.0011
Burkina Faso,BFA,2012,57.4574
Burkina Faso,BFA,2013,57.9033
Burkina Faso,BFA,2014,58.3315
Burkina Faso,BFA,2015,58.7777
Burkina Faso,BFA,2016,59.1732
Burkina Faso,BFA,2017,59.5775
Burkina Faso,BFA,2018,59.9719
Burkina Faso,BFA,2019,60.1842
Burkina Faso,BFA,2020,60.4536
Burkina Faso,BFA,2021,60.0463
Burkina Faso,BFA,2022,60.7
Burkina Faso,BFA,2023,61.092
Burundi,BDI,2010,57.0883
Burundi,BDI,2011,57.8039
Burundi,BDI,2012,58.5008
Burundi,BDI,2013,59.1786
Burundi,BDI,2014,59.7644
Burundi,BDI,2015,60.1068
Burundi,BDI,2016,60.7887
Burundi,BDI,2017,61.3452
Burundi,BDI,2018,61.8065
Burundi,BDI,2019,62.1801
Burundi,BDI,2020,62.5694
Burundi,BDI,2021,62.1013
Burundi,BDI,2022,62.8819
Burundi,BDI,2023,63.6511
Cambodia,KHM,2010,67.3108
Cambodia,KHM,2011,67.8691
Cambodia,KHM,2012,68.3714
Cambodia,KHM,2013,68.7548
Cambodia,KHM,2014,69.1174
Cambodia,KHM,2015,69.3977
Cambodia,KHM,2016,69.6352
Cambodia,KHM,2017,69.8424
Cambodia,KHM,2018,69.9935
Cambodia,KHM,2019,70.1267
Cambodia,KHM,2020,70.0594
Cambodia,KHM,2021,69.3012
Cambodia,KHM,2022,70.528
Cambodia,KHM,2023,70.6675
Cameroon,CMR,2010,56.9652
Cameroon,CMR,2011,57.482
Cameroon,CMR,2012,58.1696
Cameroon,CMR,2013,58.7305
Cameroon,CMR,2014,59.1301
Cameroon,CMR,2015,59.6866
Cameroon,CMR,2016,60.2934
Cameroon,CMR,2017,60.8174
Cameroon,CMR,2018,61.1888
Cameroon,CMR,2019,61.6952
Cameroon,CMR,2020,61.6738
Cameroon,CMR,2021,61.1463
Cameroon,CMR,2022,62.4428
Cameroon,CMR,2023,63.6996
Canada,CAN,2010,81.3363
Canada,CAN,2011,81.5133
Canada,CAN,2012,81.7037
Canada,CAN,2013,81.7852
Canada,CAN,2014,81.8373
Canada,CAN,2015,81.9084
Canada,CAN,2016,82.0301
Canada,CAN,2017,81.9195
Canada,CAN,2018,81.9247
Canada,CAN,2019,82.2848
Canada,CAN,2020,81.6536
Canada,CAN,2021,81.976
Canada,CAN,2022,81.2493
Canada,CAN,2023,82.6302
Cape Verde,CPV,2010,72.5066
Cape Verde,CPV,2011,72.9131
Cape Verde,CPV,2012,73.3148
Cape Verde,CPV,2013,73.4812
Cape Verde,CPV,2014,73.7885
Cape Verde,CPV,2015,74.0963
Cape Verde,CPV,2016,74.3504
Cape Verde,CPV,2017,74.7103
Cape Verde,CPV,2018,74.8397
Cape Verde,CPV,2019,75.4486
Cape Verde,CPV,2020,73.8177
Cape Verde,CPV,2021,74.4235
Cape Verde,CPV,2022,75.9068
Cape Verde,CPV,2023,76.0587
Cayman Islands,CYM,2010,76.0687
Cayman Islands,CYM,2011,76.5618
Cayman Islands,CYM,2012,77.1205
Cayman Islands,CYM,2013,77.6516
Cayman Islands,CYM,2014,77.8646
Cayman Islands,CYM,2015,78.1191
Cayman Islands,CYM,2016,78.3669
Cayman Islands,CYM,2017,78.6149
Cayman Islands,CYM,2018,78.8355
Cayman Islands,CYM,2019,79.0516
Cayman Islands,CYM,2020,79.2299
Cayman Islands,CYM,2021,79.2996
Cayman Islands,CYM,2022,79.9841
Cayman Islands,CYM,2023,80.3576
Central African Republic,CAF,2010,46.8707
Central African Republic,CAF,2011,50.107
Central African Republic,CAF,2012,51.3355
Central African Republic,CAF,2013,49.4871
Central African Republic,CAF,2014,40.2652
Central African Republic,CAF,2015,51.9338
Central African Republic,CAF,2016,50.9988
Central African Republic,CAF,2017,45.2315
Central African Republic,CAF,2018,52.2973
Central African Republic,CAF,2019,31.5302
Central African Republic,CAF,2020,50.5959
Central African Republic,CAF,2021,40.2791
Central African Republic,CAF,2022,18.8177
Central African Republic,CAF,2023,57.4077
Chad,TCD,2010,50.1067
Chad,TCD,2011,50.4258
Chad,TCD,2012,50.7651
Chad,TCD,2013,51.0508
Chad,TCD,2014,51.1411
Chad,TCD,2015,51.3196
Chad,TCD,2016,51.6027
Chad,TCD,2017,51.8747
Chad,TCD,2018,52.4467
Chad,TCD,2019,52.9927
Chad,TCD,2020,53.0818
Chad,TCD,2021,53.1362
Chad,TCD,2022,54.5275
Chad,TCD,2023,55.0692
Chile,CHL,2010,79.0954
Chile,CHL,2011,79.2357
Chile,CHL,2012,79.2211
Chile,CHL,2013,79.5509
Chile,CHL,2014,79.7137
Chile,CHL,2015,80.0079
Chile,CHL,2016,80.2949
Chile,CHL,2017,80.6096
Chile,CHL,2018,80.5594
Chile,CHL,2019,80.3243
Chile,CHL,2020,79.3488
Chile,CHL,2021,78.8764
Chile,CHL,2022,79.1762
Chile,CHL,2023,81.1667
China,CHN,2010,75.6679
China,CHN,2011,75.8891
China,CHN,2012,76.2
China,CHN,2013,76.4521
China,CHN,2014,76.7143
China,CHN,2015,76.9755
China,CHN,2016,77.214
China,CHN,2017,77.2353
China,CHN,2018,77.709
China,CHN,2019,77.9396
China,CHN,2020,78.0191
China,CHN,2021,78.1166
China,CHN,2022,78.2021
China,CHN,2023,77.9529
Colombia,COL,2010,74.8757
Colombia,COL,2011,75.1803
Colombia,COL,2012,75.6106
Colombia,COL,2013,75.8343
Colombia,COL,2014,75.9497
Colombia,COL,2015,76.0665
Colombia,COL,2016,76.2285
Colombia,COL,2017,76.4178
Colombia,COL,2018,76.5791
Colombia,COL,2019,76.7927
Colombia,COL,2020,74.7565
Colombia,COL,2021,72.6983
Colombia,COL,2022,76.5081
Colombia,COL,2023,77.7246
Comoros,COM,2010,62.7473
Comoros,COM,2011,63.1048
Comoros,COM,2012,63.4626
Comoros,COM,2013,63.8388
Comoros,COM,2014,64.1427
Comoros,COM,2015,64.4727
Comoros,COM,2016,64.7916
Comoros,COM,2017,65.1272
Comoros,COM,2018,65.4009
Comoros,COM,2019,65.6622
Comoros,COM,2020,65.7559
Comoros,COM,2021,65.2009
Comoros,COM,2022,66.4806
Comoros,COM,2023,66.7768
Congo,COG,2010,61.7311
Congo,COG,2011,62.2862
Congo,COG,2012,62.6616
Congo,COG,2013,62.9689
Congo,COG,2014,63.3491
Congo,COG,2015,63.6622
Congo,COG,2016,63.9108
Congo,COG,2017,64.2028
Congo,COG,2018,64.472
Congo,COG,2019,63.1523
Congo,COG,2020,64.3907
Congo,COG,2021,64.1918
Congo,COG,2022,65.0003
Congo,COG,2023,65.772
Cook Islands,COK,2010,72.7522
Cook Islands,COK,2011,73.0452
Cook Islands,COK,2012,73.3241
Cook Islands,COK,2013,73.6124
Cook Islands,COK,2014,73.8314
Cook Islands,COK,2015,74.0178
Cook Islands,COK,2016,74.1646
Cook Islands,COK,2017,74.3162
Cook Islands,COK,2018,74.4407
Cook Islands,COK,2019,74.5561
Cook Islands,COK,2020,74.5139
Cook Islands,COK,2021,74.5833
Cook Islands,COK,2022,75.0787
Cook Islands,COK,2023,75.2818
Costa Rica,CRI,2010,79.354
Costa Rica,CRI,2011,79.624
Costa Rica,CRI,2012,79.925
Costa Rica,CRI,2013,80.1892
Costa Rica,CRI,2014,80.2313
Costa Rica,CRI,2015,80.4069
Costa Rica,CRI,2016,79.9879
Costa Rica,CRI,2017,79.9944
Costa Rica,CRI,2018,80.0896
Costa Rica,CRI,2019,80.2963
Costa Rica,CRI,2020,79.7252
Costa Rica,CRI,2021,78.0501
Costa Rica,CRI,2022,79.3164
Costa Rica,CRI,2023,80.7995
Cote d'Ivoire,CIV,2010,55.282
Cote d'Ivoire,CIV,2011,55.9724
Cote d'Ivoire,CIV,2012,56.5698
Cote d'Ivoire,CIV,2013,57.0571
Cote d'Ivoire,CIV,2014,57.7719
Cote d'Ivoire,CIV,2015,58.2807
Cote d'Ivoire,CIV,2016,58.8136
Cote d'Ivoire,CIV,2017,59.3151
Cote d'Ivoire,CIV,2018,59.7946
Cote d'Ivoire,CIV,2019,60.2741
Cote d'Ivoire,CIV,2020,60.1397
Cote d'Ivoire,CIV,2021,60.2897
Cote d'Ivoire,CIV,2022,61.5622
Cote d'Ivoire,CIV,2023,61.9438
Croatia,HRV,2010,76.6761
Croatia,HRV,2011,76.9926
Croatia,HRV,2012,77.2841
Croatia,HRV,2013,77.51
Croatia,HRV,2014,77.5144
Croatia,HRV,2015,77.6329
Croatia,HRV,2016,77.6294
Croatia,HRV,2017,77.7264
Croatia,HRV,2018,77.8654
Croatia,HRV,2019,78.197
Croatia,HRV,2020,77.4972
Croatia,HRV,2021,77.1412
Croatia,HRV,2022,78.2779
Croatia,HRV,2023,78.5803
Cuba,CUB,2010,77.8757
Cuba,CUB,2011,78.0506
Cuba,CUB,2012,78.1618
Cuba,CUB,2013,78.0279
Cuba,CUB,2014,77.8245
Cuba,CUB,2015,77.7453
Cuba,CUB,2016,77.5706
Cuba,CUB,2017,77.3003
Cuba,CUB,2018,77.4259
Cuba,CUB,2019,77.4133
Cuba,CUB,2020,77.4075
Cuba,CUB,2021,73.2006
Cuba,CUB,2022,77.6291
Cuba,CUB,2023,78.0855
Curacao,CUW,2010,75.1167
Curacao,CUW,2011,75.5757
Curacao,CUW,2012,75.9604
Curacao,CUW,2013,76.2386
Curacao,CUW,2014,76.3837
Curacao,CUW,2015,76.4823
Curacao,CUW,2016,76.3222
Curacao,CUW,2017,76.4226
Curacao,CUW,2018,76.4929
Curacao,CUW,2019,76.4917
Curacao,CUW,2020,76.5011
Curacao,CUW,2021,75.6857
Curacao,CUW,2022,76.7287
Curacao,CUW,2023,76.7996
Cyprus,CYP,2010,80.6325
Cyprus,CYP,2011,80.8546
Cyprus,CYP,2012,81.1284
Cyprus,CYP,2013,81.3165
Cyprus,CYP,2014,81.3373
Cyprus,CYP,2015,81.4637
Cyprus,CYP,2016,81.5341
Cyprus,CYP,2017,81.5431
Cyprus,CYP,2018,81.5558
Cyprus,CYP,2019,81.4543
Cyprus,CYP,2020,81.2302
Cyprus,CYP,2021,80.5735
Cyprus,CYP,2022,80.4337
Cyprus,CYP,2023,81.648
Czechia,CZE,2010,77.5677
Czechia,CZE,2011,77.8144
Czechia,CZE,2012,77.9977
Czechia,CZE,2013,78.169
Czechia,CZE,2014,78.7439
Czechia,CZE,2015,78.5609
Czechia,CZE,2016,78.9744
Czechia,CZE,2017,78.926
Czechia,CZE,2018,78.9612
Czechia,CZE,2019,79.1853
Czechia,CZE,2020,78.237
Czechia,CZE,2021,77.2342
Czechia,CZE,2022,79.1648
Czechia,CZE,2023,79.8341
Democratic Republic of Congo,COD,2010,56.4111
Democratic Republic of Congo,COD,2011,56.9106
Democratic Republic of Congo,COD,2012,57.3502
Democratic Republic of Congo,COD,2013,57.7953
Democratic Republic of Congo,COD,2014,58.2355
Democratic Republic of Congo,COD,2015,58.6576
Democratic Republic of Congo,COD,2016,59.0814
Democratic Republic of Congo,COD,2017,59.4952
Democratic Republic of Congo,COD,2018,59.9265
Democratic Republic of Congo,COD,2019,60.2425
Democratic Republic of Congo,COD,2020,60.4283
Democratic Republic of Congo,COD,2021,60.0444
Democratic Republic of Congo,COD,2022,60.9789
Democratic Republic of Congo,COD,2023,61.895
Denmark,DNK,2010,79.2473
Denmark,DNK,2011,79.786
Denmark,DNK,2012,80.0822
Denmark,DNK,2013,80.3063
Denmark,DNK,2014,80.6319
Denmark,DNK,2015,80.7394
Denmark,DNK,2016,80.8814
Denmark,DNK,2017,81.1116
Denmark,DNK,2018,80.9909
Denmark,DNK,2019,81.4343
Denmark,DNK,2020,81.5458
Denmark,DNK,2021,81.4363
Denmark,DNK,2022,81.2906
Denmark,DNK,2023,81.9328
Djibouti,DJI,2010,60.7431
Djibouti,DJI,2011,61.3373
Djibouti,DJI,2012,61.7188
Djibouti,DJI,2013,62.1162
Djibouti,DJI,2014,62.4274
Djibouti,DJI,2015,62.8326
Djibouti,DJI,2016,63.335
Djibouti,DJI,2017,63.71
Djibouti,DJI,2018,64.1051
Djibouti,DJI,2019,64.3809
Djibouti,DJI,2020,64.2001
Djibouti,DJI,2021,63.8301
Djibouti,DJI,2022,65.5402
Djibouti,DJI,2023,65.9865
Dominica,DMA,2010,71.6797
Dominica,DMA,2011,71.5167
Dominica,DMA,2012,71.3909
Dominica,DMA,2013,71.2283
Dominica,DMA,2014,71.1892
Dominica,DMA,2015,69.9683
Dominica,DMA,2016,71.1889
Dominica,DMA,2017,68.6199
Dominica,DMA,2018,71.3779
Dominica,DMA,2019,71.3052
Dominica,DMA,2020,71.2693
Dominica,DMA,2021,69.8318
Dominica,DMA,2022,71.0806
Dominica,DMA,2023,71.1325
Dominican Republic,DOM,2010,72.0393
Dominican Republic,DOM,2011,72.4958
Dominican Republic,DOM,2012,72.8165
Dominican Republic,DOM,2013,73.0383
Dominican Republic,DOM,2014,73.1449
Dominican Republic,DOM,2015,72.9821
Dominican Republic,DOM,2016,72.8894
Dominican Republic,DOM,2017,73.3702
Dominican Republic,DOM,2018,73.5553
Dominican Republic,DOM,2019,73.1119
Dominican Republic,DOM,2020,72.6358
Dominican Republic,DOM,2021,71.7575
Dominican Republic,DOM,2022,74.2108
Dominican Republic,DOM,2023,73.7201
East Timor,TLS,2010,63.6599
East Timor,TLS,2011,64.0223
East Timor,TLS,2012,64.3844
East Timor,TLS,2013,64.7189
East Timor,TLS,2014,65.0268
East Timor,TLS,2015,65.3262
East Timor,TLS,2016,65.6099
East Timor,TLS,2017,65.8982
East Timor,TLS,2018,66.2039
East Timor,TLS,2019,66.4964
East Timor,TLS,2020,66.9191
East Timor,TLS,2021,66.1993
East Timor,TLS,2022,67.3684
East Timor,TLS,2023,67.6894
Ecuador,ECU,2010,75.1876
Ecuador,ECU,2011,75.1794
Ecuador,ECU,2012,75.4857
Ecuador,ECU,2013,75.8322
Ecuador,ECU,2014,76.1409
Ecuador,ECU,2015,76.2219
Ecuador,ECU,2016,76.0942
Ecuador,ECU,2017,76.2197
Ecuador,ECU,2018,77.2484
Ecuador,ECU,2019,77.2862
Ecuador,ECU,2020,72.0036
Ecuador,ECU,2021,72.7465
Ecuador,ECU,2022,76.5767
Ecuador,ECU,2023,77.3924
Egypt,EGY,2010,69.0782
Egypt,EGY,2011,69.2322
Egypt,EGY,2012,69.4643
Egypt,EGY,2013,69.6317
Egypt,EGY,2014,69.9112
Egypt,EGY,2015,70.1346
Egypt,EGY,2016,70.4367
Egypt,EGY,2017,70.7086
Egypt,EGY,2018,70.9741
Egypt,EGY,2019,71.2128
Egypt,EGY,2020,69.7897
Egypt,EGY,2021,68.9759
Egypt,EGY,2022,71.0097
Egypt,EGY,2023,71.6335
El Salvador,SLV,2010,70.9088
El Salvador,SLV,2011,71.1918
El Salvador,SLV,2012,71.4201
El Salvador,SLV,2013,71.2251
El Salvador,SLV,2014,71.1442
El Salvador,SLV,2015,70.9524
El Salvador,SLV,2016,70.9081
El Salvador,SLV,2017,71.0074
El Salvador,SLV,2018,71.3836
El Salvador,SLV,2019,71.7253
El Salvador,SLV,2020,70.2436
El Salvador,SLV,2021,69.9414
El Salvador,SLV,2022,71.9695
El Salvador,SLV,2023,72.0993
Equatorial Guinea,GNQ,2010,58.3445
Equatorial Guinea,GNQ,2011,58.8268
Equatorial Guinea,GNQ,2012,59.3011
Equatorial Guinea,GNQ,2013,59.784
Equatorial Guinea,GNQ,2014,60.2279
Equatorial Guinea,GNQ,2015,60.6347
Equatorial Guinea,GNQ,2016,61.081
Equatorial Guinea,GNQ,2017,61.4808
Equatorial Guinea,GNQ,2018,61.9151
Equatorial Guinea,GNQ,2019,62.2965
Equatorial Guinea,GNQ,2020,62.1408
Equatorial Guinea,GNQ,2021,62.4468
Equatorial Guinea,GNQ,2022,63.3545
Equatorial Guinea,GNQ,2023,63.7071
Eritrea,ERI,2010,63.6653
Eritrea,ERI,2011,64.2314
Eritrea,ERI,2012,64.6965
Eritrea,ERI,2013,65.005
Eritrea,ERI,2014,65.5166
Eritrea,ERI,2015,65.9094
Eritrea,ERI,2016,66.242
Eritrea,ERI,2017,66.6115
Eritrea,ERI,2018,66.9787
Eritrea,ERI,2019,67.3061
Eritrea,ERI,2020,66.9802
Eritrea,ERI,2021,66.9396
Eritrea,ERI,2022,67.7892
Eritrea,ERI,2023,68.6239
Estonia,EST,2010,75.8816
Estonia,EST,2011,76.3462
Estonia,EST,2012,76.4159
Estonia,EST,2013,77.252
Estonia,EST,2014,77.1104
Estonia,EST,2015,77.665
Estonia,EST,2016,77.7631
Estonia,EST,2017,78.1814
Estonia,EST,2018,78.3339
Estonia,EST,2019,78.7728
Estonia,EST,2020,78.8929
Estonia,EST,2021,77.4095
Estonia,EST,2022,78.1674
Estonia,EST,2023,79.1535
Eswatini,SWZ,2010,48.331
Eswatini,SWZ,2011,49.0568
Eswatini,SWZ,2012,50.7143
Eswatini,SWZ,2013,52.1102
Eswatini,SWZ,2014,53.4913
Eswatini,SWZ,2015,54.9407
Eswatini,SWZ,2016,56.2284
Eswatini,SWZ,2017,57.5742
Eswatini,SWZ,2018,58.7072
Eswatini,SWZ,2019,59.8496
Eswatini,SWZ,2020,59.8618
Eswatini,SWZ,2021,58.2284
Eswatini,SWZ,2022,63.0283
Eswatini,SWZ,2023,64.1227
Ethiopia,ETH,2010,59.7094
Ethiopia,ETH,2011,60.5947
Ethiopia,ETH,2012,61.4426
Ethiopia,ETH,2013,62.1613
Ethiopia,ETH,2014,62.9272
Ethiopia,ETH,2015,63.592
Ethiopia,ETH,2016,64.1624
Ethiopia,ETH,2017,64.7659
Ethiopia,ETH,2018,65.2573
Ethiopia,ETH,2019,65.7413
Ethiopia,ETH,2020,65.9688
Ethiopia,ETH,2021,65.3299
Ethiopia,ETH,2022,66.8971
Ethiopia,ETH,2023,67.315
Europe,OWID_EUR,2010,76.2025
Europe,OWID_EUR,2011,76.8703
Europe,OWID_EUR,2012,77.0615
Europe,OWID_EUR,2013,77.4116
Europe,OWID_EUR,2014,77.6754
Europe,OWID_EUR,2015,77.7767
Europe,OWID_EUR,2016,78.1705
Europe,OWID_EUR,2017,78.4613
Europe,OWID_EUR,2018,78.5281
Europe,OWID_EUR,2019,78.7588
Europe,OWID_EUR,2020,77.6514
Europe,OWID_EUR,2021,77.0357
Europe,OWID_EUR,2022,78.1827
Europe,OWID_EUR,2023,79.0594
Falkland Islands,FLK,2010,77.7285
Falkland Islands,FLK,2011,77.98
Falkland Islands,FLK,2012,78.1911
Falkland Islands,FLK,2013,78.2954
Falkland Islands,FLK,2014,78.3551
Falkland Islands,FLK,2015,78.4296
Falkland Islands,FLK,2016,78.4831
Falkland Islands,FLK,2017,78.5113
Falkland Islands,FLK,2018,78.5577
Falkland Islands,FLK,2019,78.6131
Falkland Islands,FLK,2020,78.7753
Falkland Islands,FLK,2021,78.9882
Falkland Islands,FLK,2022,79.0448
Falkland Islands,FLK,2023,79.2132
Faroe Islands,FRO,2010,78.7314
Faroe Islands,FRO,2011,78.8897
Faroe Islands,FRO,2012,79.0224
Faroe Islands,FRO,2013,79.1536
Faroe Islands,FRO,2014,79.2999
Faroe Islands,FRO,2015,79.4259
Faroe Islands,FRO,2016,79.5745
Faroe Islands,FRO,2017,79.6943
Faroe Islands,FRO,2018,79.8121
Faroe Islands,FRO,2019,79.9058
Faroe Islands,FRO,2020,79.9822
Faroe Islands,FRO,2021,79.7923
Faroe Islands,FRO,2022,79.2637
Faroe Islands,FRO,2023,80.1792
Fiji,FJI,2010,66.7782
Fiji,FJI,2011,66.8803
Fiji,FJI,2012,65.8121
Fiji,FJI,2013,66.5446
Fiji,FJI,2014,66.5808
Fiji,FJI,2015,66.4798
Fiji,FJI,2016,66.657
Fiji,FJI,2017,67.0596
Fiji,FJI,2018,66.9645
Fiji,FJI,2019,67.0088
Fiji,FJI,2020,66.924
Fiji,FJI,2021,64.9039
Fiji,FJI,2022,67.1481
Fiji,FJI,2023,67.3157
Finland,FIN,2010,80.0116
Finland,FIN,2011,80.3916
Finland,FIN,2012,80.5076
Finland,FIN,2013,80.869
Finland,FIN,2014,81.0546
Finland,FIN,2015,81.3775
Finland,FIN,2016,81.3029
Finland,FIN,2017,81.4967
Finland,FIN,2018,81.6265
Finland,FIN,2019,81.8643
Finland,FIN,2020,81.8219
Finland,FIN,2021,81.8137
Finland,FIN,2022,81.2435
Finland,FIN,2023,81.9102
France,FRA,2010,81.4047
France,FRA,2011,81.781
France,FRA,2012,81.739
France,FRA,2013,81.9786
France,FRA,2014,82.4366
France,FRA,2015,82.1487
France,FRA,2016,82.4008
France,FRA,2017,82.4385
France,FRA,2018,82.5682
France,FRA,2019,82.7304
France,FRA,2020,82.1993
France,FRA,2021,82.3216
France,FRA,2022,82.4753
France,FRA,2023,83.3253
French Guiana,GUF,2010,75.8516
French Guiana,GUF,2011,76.0172
French Guiana,GUF,2012,76.2166
French Guiana,GUF,2013,76.4587
French Guiana,GUF,2014,76.6767
French Guiana,GUF,2015,76.6314
French Guiana,GUF,2016,76.652
French Guiana,GUF,2017,76.7994
French Guiana,GUF,2018,77.2376
French Guiana,GUF,2019,76.5711
French Guiana,GUF,2020,77.5067
French Guiana,GUF,2021,74.1955
French Guiana,GUF,2022,76.7942
French Guiana,GUF,2023,76.9781
French Polynesia,PYF,2010,81.1407
French Polynesia,PYF,2011,81.4341
French Polynesia,PYF,2012,81.6953
French Polynesia,PYF,2013,81.9352
French Polynesia,PYF,2014,82.1514
French Polynesia,PYF,2015,82.3393
French Polynesia,PYF,2016,82.5551
French Polynesia,PYF,2017,82.7741
French Polynesia,PYF,2018,82.9852
French Polynesia,PYF,2019,83.1955
French Polynesia,PYF,2020,82.4588
French Polynesia,PYF,2021,79.5711
French Polynesia,PYF,2022,83.8594
French Polynesia,PYF,2023,84.0698
Gabon,GAB,2010,64.7148
Gabon,GAB,2011,65.1016
Gabon,GAB,2012,65.4384
Gabon,GAB,2013,65.7506
Gabon,GAB,2014,66.0698
Gabon,GAB,2015,66.3361
Gabon,GAB,2016,66.5832
Gabon,GAB,2017,66.8163
Gabon,GAB,2018,67.0426
Gabon,GAB,2019,67.3369
Gabon,GAB,2020,67.0725
Gabon,GAB,2021,67.0715
Gabon,GAB,2022,67.713
Gabon,GAB,2023,68.3367
Gambia,GMB,2010,61.1675
Gambia,GMB,2011,61.5612
Gambia,GMB,2012,61.9
Gambia,GMB,2013,62.2525
Gambia,GMB,2014,62.5759
Gambia,GMB,2015,62.9713
Gambia,GMB,2016,63.3862
Gambia,GMB,2017,63.7076
Gambia,GMB,2018,64.0339
Gambia,GMB,2019,64.4275
Gambia,GMB,2020,64.4183
Gambia,GMB,2021,63.8475
Gambia,GMB,2022,64.859
Gambia,GMB,2023,65.8603
Georgia,GEO,2010,71.7318
Georgia,GEO,2011,72.4846
Georgia,GEO,2012,72.6721
Georgia,GEO,2013,73.0247
Georgia,GEO,2014,73.1051
Georgia,GEO,2015,73.241
Georgia,GEO,2016,73.1358
Georgia,GEO,2017,73.4347
Georgia,GEO,2018,73.9847
Georgia,GEO,2019,74.1649
Georgia,GEO,2020,73.5094
Georgia,GEO,2021,71.6353
Georgia,GEO,2022,74.1409
Georgia,GEO,2023,74.4965
Germany,DEU,2010,80.0814
Germany,DEU,2011,80.3549
Germany,DEU,2012,80.5017
Germany,DEU,2013,80.454
Germany,DEU,2014,80.9056
Germany,DEU,2015,80.5658
Germany,DEU,2016,80.8371
Germany,DEU,2017,80.9371
Germany,DEU,2018,80.8747
Germany,DEU,2019,81.1893
Germany,DEU,2020,81.0036
Germany,DEU,2021,81.1059
Germany,DEU,2022,80.5796
Germany,DEU,2023,81.3777
Ghana,GHA,2010,61.2974
Ghana,GHA,2011,61.6169
Ghana,GHA,2012,61.9954
Ghana,GHA,2013,62.3969
Ghana,GHA,2014,62.8321
Ghana,GHA,2015,63.1749
Ghana,GHA,2016,63.5216
Ghana,GHA,2017,63.829
Ghana,GHA,2018,64.1382
Ghana,GHA,2019,64.4554
Ghana,GHA,2020,64.3089
Ghana,GHA,2021,64.2862
Ghana,GHA,2022,65.246
Ghana,GHA,2023,65.4979
Gibraltar,GIB,2010,82.0797
Gibraltar,GIB,2011,82.3334
Gibraltar,GIB,2012,82.5267
Gibraltar,GIB,2013,82.5861
Gibraltar,GIB,2014,82.6444
Gibraltar,GIB,2015,82.6682
Gibraltar,GIB,2016,82.741
Gibraltar,GIB,2017,82.8576
Gibraltar,GIB,2018,83.0279
Gibraltar,GIB,2019,83.1834
Gibraltar,GIB,2020,83.0698
Gibraltar,GIB,2021,80.2743
Gibraltar,GIB,2022,83.5167
Gibraltar,GIB,2023,83.553
Greece,GRC,2010,80.5727
Greece,GRC,2011,80.6248
Greece,GRC,2012,80.4221
Greece,GRC,2013,81.067
Greece,GRC,2014,81.1203
Greece,GRC,2015,80.7894
Greece,GRC,2016,81.2692
Greece,GRC,2017,80.9614
Greece,GRC,2018,81.4954
Greece,GRC,2019,81.3487
Greece,GRC,2020,81.5361
Greece,GRC,2021,80.5312
Greece,GRC,2022,79.9441
Greece,GRC,2023,81.8568
Greenland,GRL,2010,68.4548
Greenland,GRL,2011,68.7938
Greenland,GRL,2012,69.3516
Greenland,GRL,2013,69.8014
Greenland,GRL,2014,70.0861
Greenland,GRL,2015,70.2341
Greenland,GRL,2016,70.3866
Greenland,GRL,2017,70.3861
Greenland,GRL,2018,70.354
Greenland,GRL,2019,70.2573
Greenland,GRL,2020,70.1558
Greenland,GRL,2021,70.0489
Greenland,GRL,2022,70.0519
Greenland,GRL,2023,70.055
Grenada,GRD,2010,74.7308
Grenada,GRD,2011,74.8608
Grenada,GRD,2012,74.9607
Grenada,GRD,2013,75.0221
Grenada,GRD,2014,75.0449
Grenada,GRD,2015,75.0375
Grenada,GRD,2016,75.0099
Grenada,GRD,2017,74.9766
Grenada,GRD,2018,74.9569
Grenada,GRD,2019,74.9711
Grenada,GRD,2020,75.019
Grenada,GRD,2021,74.5221
Grenada,GRD,2022,75.1508
Grenada,GRD,2023,75.2052
Guadeloupe,GLP,2010,80.12
Guadeloupe,GLP,2011,80.4527
Guadeloupe,GLP,2012,80.9718
Guadeloupe,GLP,2013,80.7917
Guadeloupe,GLP,2014,81.1854
Guadeloupe,GLP,2015,81.2679
Guadeloupe,GLP,2016,81.6403
Guadeloupe,GLP,2017,81.7544
Guadeloupe,GLP,2018,81.3819
Guadeloupe,GLP,2019,81.3922
Guadeloupe,GLP,2020,80.6481
Guadeloupe,GLP,2021,78.2108
Guadeloupe,GLP,2022,80.9054
Guadeloupe,GLP,2023,82.0503
Guam,GUM,2010,76.0954
Guam,GUM,2011,76.1529
Guam,GUM,2012,76.2375
Guam,GUM,2013,76.361
Guam,GUM,2014,76.4228
Guam,GUM,2015,76.4438
Guam,GUM,2016,76.4487
Guam,GUM,2017,76.4631
Guam,GUM,2018,76.5605
Guam,GUM,2019,76.6453
Guam,GUM,2020,75.5289
Guam,GUM,2021,75.4337
Guam,GUM,2022,77.1015
Guam,GUM,2023,77.2093
Guatemala,GTM,2010,69.885
Guatemala,GTM,2011,70.3214
Guatemala,GTM,2012,70.7225
Guatemala,GTM,2013,70.878
Guatemala,GTM,2014,70.9424
Guatemala,GTM,2015,70.9148
Guatemala,GTM,2016,71.215
Guatemala,GTM,2017,71.5829
Guatemala,GTM,2018,71.4964
Guatemala,GTM,2019,71.6394
Guatemala,GTM,2020,69.9707
Guatemala,GTM,2021,67.8582
Guatemala,GTM,2022,71.2064
Guatemala,GTM,2023,72.6023
Guernsey,GGY,2010,82.3105
Guernsey,GGY,2011,82.6412
Guernsey,GGY,2012,82.3522
Guernsey,GGY,2013,82.8353
Guernsey,GGY,2014,83.0091
Guernsey,GGY,2015,82.7496
Guernsey,GGY,2016,82.5649
Guernsey,GGY,2017,82.3206
Guernsey,GGY,2018,82.7481
Guernsey,GGY,2019,83.2815
Guernsey,GGY,2020,83.3459
Guernsey,GGY,2021,81.9691
Guernsey,GGY,2022,83.108
Guernsey,GGY,2023,83.2744
Guinea,GIN,2010,56.4305
Guinea,GIN,2011,56.7776
Guinea,GIN,2012,57.1169
Guinea,GIN,2013,57.4588
Guinea,GIN,2014,57.5815
Guinea,GIN,2015,57.8986
Guinea,GIN,2016,58.49
Guinea,GIN,2017,58.7151
Guinea,GIN,2018,59.0434
Guinea,GIN,2019,59.3785
Guinea,GIN,2020,59.3499
Guinea,GIN,2021,59.3728
Guinea,GIN,2022,60.4316
Guinea,GIN,2023,60.7405
Guinea-Bissau,GNB,2010,56.9992
Guinea-Bissau,GNB,2011,57.6626
Guinea-Bissau,GNB,2012,58.27
Guinea-Bissau,GNB,2013,58.8789
Guinea-Bissau,GNB,2014,59.476
Guinea-Bissau,GNB,2015,60.0708
Guinea-Bissau,GNB,2016,60.6187
Guinea-Bissau,GNB,2017,61.1484
Guinea-Bissau,GNB,2018,61.6516
Guinea-Bissau,GNB,2019,62.1612
Guinea-Bissau,GNB,2020,61.343
Guinea-Bissau,GNB,2021,61.6528
Guinea-Bissau,GNB,2022,63.6045
Guinea-Bissau,GNB,2023,64.0849
Guyana,GUY,2010,66.2043
Guyana,GUY,2011,66.4688
Guyana,GUY,2012,66.4433
Guyana,GUY,2013,66.7099
Guyana,GUY,2014,67.3343
Guyana,GUY,2015,67.7193
Guyana,GUY,2016,68.0685
Guyana,GUY,2017,68.5431
Guyana,GUY,2018,68.8288
Guyana,GUY,2019,69.0673
Guyana,GUY,2020,67.751
Guyana,GUY,2021,64.3228
Guyana,GUY,2022,69.8885
Guyana,GUY,2023,70.1802
Haiti,HTI,2010,45.5768
Haiti,HTI,2011,61.5812
Haiti,HTI,2012,62.2735
Haiti,HTI,2013,62.6245
Haiti,HTI,2014,62.9689
Haiti,HTI,2015,63.2239
Haiti,HTI,2016,63.3247
Haiti,HTI,2017,63.8323
Haiti,HTI,2018,64.0766
Haiti,HTI,2019,64.3281
Haiti,HTI,2020,63.773
Haiti,HTI,2021,62.613
Haiti,HTI,2022,63.9483
Haiti,HTI,2023,64.9356
High-and-upper-middle-income countries,,2010,75.5915
High-and-upper-middle-income countries,,2011,75.9139
High-and-upper-middle-income countries,,2012,76.1855
High-and-upper-middle-income countries,,2013,76.4484
High-and-upper-middle-income countries,,2014,76.6964
High-and-upper-middle-income countries,,2015,76.8489
High-and-upper-middle-income countries,,2016,77.0453
High-and-upper-middle-income countries,,2017,77.1807
High-and-upper-middle-income countries,,2018,77.4468
High-and-upper-middle-income countries,,2019,77.6459
High-and-upper-middle-income countries,,2020,76.7982
High-and-upper-middle-income countries,,2021,76.2429
High-and-upper-middle-income countries,,2022,77.3511
High-and-upper-middle-income countries,,2023,77.7818
High-income countries,OWID_HIC,2010,79.9318
High-income countries,OWID_HIC,2011,80.093
High-income countries,OWID_HIC,2012,80.2285
High-income countries,OWID_HIC,2013,80.427
High-income countries,OWID_HIC,2014,80.6406
High-income countries,OWID_HIC,2015,80.5599
High-income countries,OWID_HIC,2016,80.7397
High-income countries,OWID_HIC,2017,80.7696
High-income countries,OWID_HIC,2018,80.898
High-income countries,OWID_HIC,2019,81.0956
High-income countries,OWID_HIC,2020,80.1788
High-income countries,OWID_HIC,2021,79.9411
High-income countries,OWID_HIC,2022,80.4019
High-income countries,OWID_HIC,2023,81.4353
Honduras,HND,2010,69.7697
Honduras,HND,2011,70.116
Honduras,HND,2012,70.4605
Honduras,HND,2013,70.7648
Honduras,HND,2014,71.0316
Honduras,HND,2015,71.323
Honduras,HND,2016,71.6152
Honduras,HND,2017,71.8046
Honduras,HND,2018,72.0005
Honduras,HND,2019,72.1238
Honduras,HND,2020,70.864
Honduras,HND,2021,69.4924
Honduras,HND,2022,72.7151
Honduras,HND,2023,72.8842
Hong Kong,HKG,2010,82.8592
Hong Kong,HKG,2011,83.1597
Hong Kong,HKG,2012,83.4158
Hong Kong,HKG,2013,83.6955
Hong Kong,HKG,2014,83.9271
Hong Kong,HKG,2015,84.147
Hong Kong,HKG,2016,84.3803
Hong Kong,HKG,2017,84.6625
Hong Kong,HKG,2018,84.9866
Hong Kong,HKG,2019,85.2632
Hong Kong,HKG,2020,84.7073
Hong Kong,HKG,2021,85.0816
Hong Kong,HKG,2022,83.4853
Hong Kong,HKG,2023,85.5106
Hungary,HUN,2010,74.5189
Hungary,HUN,2011,74.9226
Hungary,HUN,2012,75.1826
Hungary,HUN,2013,75.6827
Hungary,HUN,2014,75.8493
Hungary,HUN,2015,75.6536
Hungary,HUN,2016,76.1569
Hungary,HUN,2017,76.007
Hungary,HUN,2018,76.2049
Hungary,HUN,2019,76.4546
Hungary,HUN,2020,75.7302
Hungary,HUN,2021,74.1851
Hungary,HUN,2022,76.2118
Hungary,HUN,2023,77.024
Iceland,ISL,2010,81.5939
Iceland,ISL,2011,81.9725
Iceland,ISL,2012,82.3459
Iceland,ISL,2013,81.7425
Iceland,ISL,2014,82.4298
Iceland,ISL,2015,82.1638
Iceland,ISL,2016,81.8286
Iceland,ISL,2017,82.241
Iceland,ISL,2018,82.4526
Iceland,ISL,2019,82.8474
Iceland,ISL,2020,82.7113
Iceland,ISL,2021,82.8433
Iceland,ISL,2022,81.5877
Iceland,ISL,2023,82.6911
India,IND,2010,67.1616
India,IND,2011,67.6228
India,IND,2012,68.0763
India,IND,2013,68.499
India,IND,2014,68.9323
India,IND,2015,69.326
India,IND,2016,69.7091
India,IND,2017,70.0676
India,IND,2018,70.4152
India,IND,2019,70.7463
India,IND,2020,70.1563
India,IND,2021,67.2823
India,IND,2022,71.6984
India,IND,2023,72.0026
Indonesia,IDN,2010,68.3642
Indonesia,IDN,2011,68.629
Indonesia,IDN,2012,68.8617
Indonesia,IDN,2013,69.0635
Indonesia,IDN,2014,69.292
Indonesia,IDN,2015,69.5196
Indonesia,IDN,2016,69.7333
Indonesia,IDN,2017,69.9533
Indonesia,IDN,2018,70.0797
Indonesia,IDN,2019,70.3491
Indonesia,IDN,2020,68.8173
Indonesia,IDN,2021,67.4516
Indonesia,IDN,2022,70.9246
Indonesia,IDN,2023,71.1457
Iran,IRN,2010,74.3896
Iran,IRN,2011,74.7207
Iran,IRN,2012,75.039
Iran,IRN,2013,75.3486
Iran,IRN,2014,75.6352
Iran,IRN,2015,75.9073
Iran,IRN,2016,76.1551
Iran,IRN,2017,76.3963
Iran,IRN,2018,76.6205
Iran,IRN,2019,76.8549
Iran,IRN,2020,74.1406
Iran,IRN,2021,73.7521
Iran,IRN,2022,76.7993
Iran,IRN,2023,77.6545
Iraq,IRQ,2010,68.0924
Iraq,IRQ,2011,68.4351
Iraq,IRQ,2012,68.8267
Iraq,IRQ,2013,69.0469
Iraq,IRQ,2014,69.679
Iraq,IRQ,2015,69.9771
Iraq,IRQ,2016,68.6834
Iraq,IRQ,2017,69.7878
Iraq,IRQ,2018,71.1162
Iraq,IRQ,2019,71.2452
Iraq,IRQ,2020,69.6506
Iraq,IRQ,2021,70.7036
Iraq,IRQ,2022,72.0371
Iraq,IRQ,2023,72.3242
Ireland,IRL,2010,80.5992
Ireland,IRL,2011,80.7272
Ireland,IRL,2012,80.8524
Ireland,IRL,2013,81.065
Ireland,IRL,2014,81.4063
Ireland,IRL,2015,81.5326
Ireland,IRL,2016,81.6836
Ireland,IRL,2017,82.1032
Ireland,IRL,2018,82.1232
Ireland,IRL,2019,82.4108
Ireland,IRL,2020,82.3897
Ireland,IRL,2021,81.8608
Ireland,IRL,2022,82.0505
Ireland,IRL,2023,82.4118
Isle of Man,IMN,2010,79.6132
Isle of Man,IMN,2011,79.8363
Isle of Man,IMN,2012,80.007
Isle of Man,IMN,2013,80.1199
Isle of Man,IMN,2014,80.1994
Isle of Man,IMN,2015,80.2666
Isle of Man,IMN,2016,80.3913
Isle of Man,IMN,2017,80.5064
Isle of Man,IMN,2018,80.6139
Isle of Man,IMN,2019,80.7399
Isle of Man,IMN,2020,80.5909
Isle of Man,IMN,2021,80.4197
Isle of Man,IMN,2022,80.9561
Isle of Man,IMN,2023,80.999
Israel,ISR,2010,81.9742
Israel,ISR,2011,81.9892
Israel,ISR,2012,81.9849
Israel,ISR,2013,82.354
Israel,ISR,2014,82.3608
Israel,ISR,2015,82.2538
Israel,ISR,2016,82.6123
Israel,ISR,2017,82.6993
Israel,ISR,2018,82.9184
Israel,ISR,2019,82.9048
Israel,ISR,2020,82.6997
Israel,ISR,2021,82.5169
Israel,ISR,2022,82.8145
Israel,ISR,2023,82.408
Italy,ITA,2010,82.1319
Italy,ITA,2011,82.2282
Italy,ITA,2012,82.252
Italy,ITA,2013,82.6522
Italy,ITA,2014,82.9008
Italy,ITA,2015,82.5211
Italy,ITA,2016,83.0459
Italy,ITA,2017,82.7263
Italy,ITA,2018,83.1844
Italy,ITA,2019,83.3423
Italy,ITA,2020,82.1814
Italy,ITA,2021,82.8652
Italy,ITA,2022,82.052
Italy,ITA,2023,83.7157
Jamaica,JAM,2010,71.9789
Jamaica,JAM,2011,72.245
Jamaica,JAM,2012,72.4047
Jamaica,JAM,2013,72.4352
Jamaica,JAM,2014,72.3572
Jamaica,JAM,2015,72.2144
Jamaica,JAM,2016,72.0522
Jamaica,JAM,2017,71.8789
Jamaica,JAM,2018,71.6062
Jamaica,JAM,2019,71.5316
Jamaica,JAM,2020,71.4519
Jamaica,JAM,2021,69.0846
Jamaica,JAM,2022,71.4809
Jamaica,JAM,2023,71.4789
Japan,JPN,2010,82.916
Japan,JPN,2011,82.6705
Japan,JPN,2012,83.1676
Japan,JPN,2013,83.4018
Japan,JPN,2014,83.6434
Japan,JPN,2015,83.8832
Japan,JPN,2016,84.0568
Japan,JPN,2017,84.1891
Japan,JPN,2018,84.289
Japan,JPN,2019,84.4177
Japan,JPN,2020,84.6703
Japan,JPN,2021,84.55
Japan,JPN,2022,84.0541
Japan,JPN,2023,84.7123
Jersey,JEY,2010,80.54
Jersey,JEY,2011,80.6654
Jersey,JEY,2012,80.7011
Jersey,JEY,2013,80.7151
Jersey,JEY,2014,80.6733
Jersey,JEY,2015,80.5257
Jersey,JEY,2016,80.3466
Jersey,JEY,2017,80.1828
Jersey,JEY,2018,80.0258
Jersey,JEY,2019,79.8931
Jersey,JEY,2020,79.4471
Jersey,JEY,2021,79.3232
Jersey,JEY,2022,79.7257
Jersey,JEY,2023,79.7071
Jordan,JOR,2010,73.7973
Jordan,JOR,2011,73.9286
Jordan,JOR,2012,74.0873
Jordan,JOR,2013,74.2816
Jordan,JOR,2014,74.606
Jordan,JOR,2015,75.06
Jordan,JOR,2016,75.5501
Jordan,JOR,2017,76.0708
Jordan,JOR,2018,76.4913
Jordan,JOR,2019,76.8645
Jordan,JOR,2020,75.5831
Jordan,JOR,2021,74.2042
Jordan,JOR,2022,77.088
Jordan,JOR,2023,77.8145
Kazakhstan,KAZ,2010,68.2575
Kazakhstan,KAZ,2011,69.1076
Kazakhstan,KAZ,2012,69.9395
Kazakhstan,KAZ,2013,70.7189
Kazakhstan,KAZ,2014,71.4149
Kazakhstan,KAZ,2015,72.0242
Kazakhstan,KAZ,2016,72.5491
Kazakhstan,KAZ,2017,72.9955
Kazakhstan,KAZ,2018,73.3693
Kazakhstan,KAZ,2019,73.6581
Kazakhstan,KAZ,2020,71.1952
Kazakhstan,KAZ,2021,70.1311
Kazakhstan,KAZ,2022,73.5028
Kazakhstan,KAZ,2023,74.4021
Kenya,KEN,2010,60.9149
Kenya,KEN,2011,61.2827
Kenya,KEN,2012,61.5373
Kenya,KEN,2013,61.7291
Kenya,KEN,2014,61.9904
Kenya,KEN,2015,62.279
Kenya,KEN,2016,62.5261
Kenya,KEN,2017,62.7248
Kenya,KEN,2018,62.8254
Kenya,KEN,2019,62.9391
Kenya,KEN,2020,61.5958
Kenya,KEN,2021,61.2253
Kenya,KEN,2022,63.5491
Kenya,KEN,2023,63.6459
Kiribati,KIR,2010,65.8595
Kiribati,KIR,2011,65.8958
Kiribati,KIR,2012,65.9081
Kiribati,KIR,2013,65.8979
Kiribati,KIR,2014,65.8687
Kiribati,KIR,2015,65.831
Kiribati,KIR,2016,65.7991
Kiribati,KIR,2017,65.7871
Kiribati,KIR,2018,65.8067
Kiribati,KIR,2019,65.8663
Kiribati,KIR,2020,65.2046
Kiribati,KIR,2021,64.1482
Kiribati,KIR,2022,66.2687
Kiribati,KIR,2023,66.4731
Kosovo,OWID_KOS,2010,74.6086
Kosovo,OWID_KOS,2011,75.3234
Kosovo,OWID_KOS,2012,75.7504
Kosovo,OWID_KOS,2013,76.3358
Kosovo,OWID_KOS,2014,76.1788
Kosovo,OWID_KOS,2015,76.0241
Kosovo,OWID_KOS,2016,76.7482
Kosovo,OWID_KOS,2017,77.1052
Kosovo,OWID_KOS,2018,77.1165
Kosovo,OWID_KOS,2019,77.2489
Kosovo,OWID_KOS,2020,74.2118
Kosovo,OWID_KOS,2021,74.9812
Kosovo,OWID_KOS,2022,77.6233
Kosovo,OWID_KOS,2023,78.0326
Kuwait,KWT,2010,77.4995
Kuwait,KWT,2011,77.8637
Kuwait,KWT,2012,78.227
Kuwait,KWT,2013,78.5831
Kuwait,KWT,2014,78.927
Kuwait,KWT,2015,79.2194
Kuwait,KWT,2016,79.5162
Kuwait,KWT,2017,79.7314
Kuwait,KWT,2018,79.8994
Kuwait,KWT,2019,80.0223
Kuwait,KWT,2020,78.2483
Kuwait,KWT,2021,77.625
Kuwait,KWT,2022,78.7881
Kuwait,KWT,2023,80.4047
Kyrgyzstan,KGZ,2010,67.5214
Kyrgyzstan,KGZ,2011,67.7481
Kyrgyzstan,KGZ,2012,68.1419
Kyrgyzstan,KGZ,2013,68.4623
Kyrgyzstan,KGZ,2014,68.8293
Kyrgyzstan,KGZ,2015,69.3094
Kyrgyzstan,KGZ,2016,69.9095
Kyrgyzstan,KGZ,2017,70.5031
Kyrgyzstan,KGZ,2018,70.6678
Kyrgyzstan,KGZ,2019,70.8907
Kyrgyzstan,KGZ,2020,69.136
Kyrgyzstan,KGZ,2021,69.2904
Kyrgyzstan,KGZ,2022,71.487
Kyrgyzstan,KGZ,2023,71.677
Land-locked Developing Countries (LLDC),,2010,60.7308
Land-locked Developing Countries (LLDC),,2011,61.4332
Land-locked Developing Countries (LLDC),,2012,62.0624
Land-locked Developing Countries (LLDC),,2013,62.5892
Land-locked Developing Countries (LLDC),,2014,62.5213
Land-locked Developing Countries (LLDC),,2015,62.8923
Land-locked Developing Countries (LLDC),,2016,63.2549
Land-locked Developing Countries (LLDC),,2017,63.5509
Land-locked Developing Countries (LLDC),,2018,64.6194
Land-locked Developing Countries (LLDC),,2019,64.7238
Land-locked Developing Countries (LLDC),,2020,64.5213
Land-locked Developing Countries (LLDC),,2021,63.8084
Land-locked Developing Countries (LLDC),,2022,65.0997
Land-locked Developing Countries (LLDC),,2023,66.5899
Laos,LAO,2010,63.6895
Laos,LAO,2011,64.505
Laos,LAO,2012,65.1262
Laos,LAO,2013,65.7226
Laos,LAO,2014,66.3497
Laos,LAO,2015,66.6881
Laos,LAO,2016,67.0136
Laos,LAO,2017,67.3452
Laos,LAO,2018,67.5942
Laos,LAO,2019,67.9113
Laos,LAO,2020,68.3386
Laos,LAO,2021,67.8074
Laos,LAO,2022,68.7152
Laos,LAO,2023,68.9637
Latin America and the Caribbean,,2010,73.2202
Latin America and the Caribbean,,2011,73.9444
Latin America and the Caribbean,,2012,74.1841
Latin America and the Caribbean,,2013,74.4085
Latin America and the Caribbean,,2014,74.6009
Latin America and the Caribbean,,2015,74.7937
Latin America and the Caribbean,,2016,74.7119
Latin America and the Caribbean,,2017,74.8745
Latin America and the Caribbean,,2018,75.1048
Latin America and the Caribbean,,2019,75.2559
Latin America and the Caribbean,,2020,73.2712
Latin America and the Caribbean,,2021,71.8294
Latin America and the Caribbean,,2022,74.6608
Latin America and the Caribbean,,2023,75.6915
Latvia,LVA,2010,73.0285
Latvia,LVA,2011,73.7176
Latvia,LVA,2012,73.9387
Latvia,LVA,2013,74.1873
Latvia,LVA,2014,74.306
Latvia,LVA,2015,74.6646
Latvia,LVA,2016,74.7568
Latvia,LVA,2017,74.8005
Latvia,LVA,2018,74.9793
Latvia,LVA,2019,75.6278
Latvia,LVA,2020,75.4781
Latvia,LVA,2021,73.1809
Latvia,LVA,2022,74.8706
Latvia,LVA,2023,76.1898
Least developed countries,,2010,60.5691
Least developed countries,,2011,60.8832
Least developed countries,,2012,61.8294
Least developed countries,,2013,62.3627
Least developed countries,,2014,62.5237
Least developed countries,,2015,62.8843
Least developed countries,,2016,63.2916
Least developed countries,,2017,63.5833
Least developed countries,,2018,64.3312
Least developed countries,,2019,64.6371
Least developed countries,,2020,64.5925
Least developed countries,,2021,64.0039
Least developed countries,,2022,65.2353
Least developed countries,,2023,66.3514
Lebanon,LBN,2010,77.5292
Lebanon,LBN,2011,77.7682
Lebanon,LBN,2012,77.941
Lebanon,LBN,2013,78.0365
Lebanon,LBN,2014,78.148
Lebanon,LBN,2015,78.2754
Lebanon,LBN,2016,78.3063
Lebanon,LBN,2017,78.1922
Lebanon,LBN,2018,78.2632
Lebanon,LBN,2019,78.2079
Lebanon,LBN,2020,76.2988
Lebanon,LBN,2021,73.6495
Lebanon,LBN,2022,78.0029
Lebanon,LBN,2023,77.817
Lesotho,LSO,2010,46.0447
Lesotho,LSO,2011,46.9302
Lesotho,LSO,2012,48.2353
Lesotho,LSO,2013,49.5475
Lesotho,LSO,2014,50.7865
Lesotho,LSO,2015,51.8298
Lesotho,LSO,2016,52.9078
Lesotho,LSO,2017,53.8737
Lesotho,LSO,2018,54.6377
Lesotho,LSO,2019,55.2493
Lesotho,LSO,2020,55.1325
Lesotho,LSO,2021,54.2091
Lesotho,LSO,2022,56.8119
Lesotho,LSO,2023,57.3749
Less developed regions,,2010,68.4316
Less developed regions,,2011,68.7194
Less developed regions,,2012,69.1821
Less developed regions,,2013,69.5086
Less developed regions,,2014,69.7767
Less developed regions,,2015,70.0346
Less developed regions,,2016,70.2966
Less developed regions,,2017,70.5022
Less developed regions,,2018,70.879
Less developed regions,,2019,71.1054
Less developed regions,,2020,70.5423
Less developed regions,,2021,69.3931
Less developed regions,,2022,71.3377
Less developed regions,,2023,71.7284
"Less developed regions, excluding China",,2010,66.3703
"Less developed regions, excluding China",,2011,66.6945
"Less developed regions, excluding China",,2012,67.1676
"Less developed regions, excluding China",,2013,67.5284
"Less developed regions, excluding China",,2014,67.8017
"Less developed regions, excluding China",,2015,68.0842
"Less developed regions, excluding China",,2016,68.3494
"Less developed regions, excluding China",,2017,68.6246
"Less developed regions, excluding China",,2018,68.9979
"Less developed regions, excluding China",,2019,69.2447
"Less developed regions, excluding China",,2020,68.4711
"Less developed regions, excluding China",,2021,66.9876
"Less developed regions, excluding China",,2022,69.6004
"Less developed regions, excluding China",,2023,70.2206
"Less developed regions, excluding least developed countries",,2010,69.9988
"Less developed regions, excluding least developed countries",,2011,70.3072
"Less developed regions, excluding least developed countries",,2012,70.6423
"Less developed regions, excluding least developed countries",,2013,70.9283
"Less developed regions, excluding least developed countries",,2014,71.2386
"Less developed regions, excluding least developed countries",,2015,71.4909
"Less developed regions, excluding least developed countries",,2016,71.737
"Less developed regions, excluding least developed countries",,2017,71.9496
"Less developed regions, excluding least developed countries",,2018,72.244
"Less developed regions, excluding least developed countries",,2019,72.4748
"Less developed regions, excluding least developed countries",,2020,71.817
"Less developed regions, excluding least developed countries",,2021,70.6093
"Less developed regions, excluding least developed countries",,2022,72.7172
"Less developed regions, excluding least developed countries",,2023,72.9367
Liberia,LBR,2010,59.3577
Liberia,LBR,2011,59.4862
Liberia,LBR,2012,59.7855
Liberia,LBR,2013,59.9925
Liberia,LBR,2014,59.2101
Liberia,LBR,2015,59.2481
Liberia,LBR,2016,60.4834
Liberia,LBR,2017,60.7767
Liberia,LBR,2018,60.9995
Liberia,LBR,2019,61.2324
Liberia,LBR,2020,61.2672
Liberia,LBR,2021,61.1658
Liberia,LBR,2022,61.9342
Liberia,LBR,2023,62.1625
Libya,LBY,2010,72.1963
Libya,LBY,2011,69.9496
Libya,LBY,2012,72.1882
Libya,LBY,2013,72.3387
Libya,LBY,2014,71.2996
Libya,LBY,2015,71.644
Libya,LBY,2016,71.7987
Libya,LBY,2017,72.721
Libya,LBY,2018,73.1508
Libya,LBY,2019,72.9412
Libya,LBY,2020,72.3882
Libya,LBY,2021,72.0617
Libya,LBY,2022,74.4615
Libya,LBY,2023,69.3389
Liechtenstein,LIE,2010,82.0538
Liechtenstein,LIE,2011,82.1571
Liechtenstein,LIE,2012,82.2544
Liechtenstein,LIE,2013,82.3739
Liechtenstein,LIE,2014,82.5465
Liechtenstein,LIE,2015,82.7618
Liechtenstein,LIE,2016,82.8949
Liechtenstein,LIE,2017,83.111
Liechtenstein,LIE,2018,83.269
Liechtenstein,LIE,2019,83.4047
Liechtenstein,LIE,2020,82.037
Liechtenstein,LIE,2021,82.7877
Liechtenstein,LIE,2022,83.4054
Liechtenstein,LIE,2023,83.6298
Lithuania,LTU,2010,73.1962
Lithuania,LTU,2011,73.608
Lithuania,LTU,2012,73.9644
Lithuania,LTU,2013,74.0268
Lithuania,LTU,2014,74.596
Lithuania,LTU,2015,74.4737
Lithuania,LTU,2016,74.8195
Lithuania,LTU,2017,75.7015
Lithuania,LTU,2018,75.9091
Lithuania,LTU,2019,76.4245
Lithuania,LTU,2020,75.105
Lithuania,LTU,2021,74.2967
Lithuania,LTU,2022,74.696
Lithuania,LTU,2023,76.025
Low-and-Lower-middle-income countries,,2010,64.4219
Low-and-Lower-middle-income countries,,2011,64.7499
Low-and-Lower-middle-income countries,,2012,65.2497
Low-and-Lower-middle-income countries,,2013,65.6242
Low-and-Lower-middle-income countries,,2014,65.8945
Low-and-Lower-middle-income countries,,2015,66.1977
Low-and-Lower-middle-income countries,,2016,66.5404
Low-and-Lower-middle-income countries,,2017,66.823
Low-and-Lower-middle-income countries,,2018,67.2111
Low-and-Lower-middle-income countries,,2019,67.4852
Low-and-Lower-middle-income countries,,2020,66.9999
Low-and-Lower-middle-income countries,,2021,65.4311
Low-and-Lower-middle-income countries,,2022,68.1106
Low-and-Lower-middle-income countries,,2023,68.6631
Low-and-middle-income countries,,2010,68.034
Low-and-middle-income countries,,2011,68.3828
Low-and-middle-income countries,,2012,68.8581
Low-and-middle-income countries,,2013,69.1984
Low-and-middle-income countries,,2014,69.4678
Low-and-middle-income countries,,2015,69.7401
Low-and-middle-income countries,,2016,70.0245
Low-and-middle-income countries,,2017,70.2587
Low-and-middle-income countries,,2018,70.6169
Low-and-middle-income countries,,2019,70.8457
Low-and-middle-income countries,,2020,70.2154
Low-and-middle-income countries,,2021,69.0267
Low-and-middle-income countries,,2022,71.0722
Low-and-middle-income countries,,2023,71.474
Low-income countries,OWID_LIC,2010,59.534
Low-income countries,OWID_LIC,2011,59.3977
Low-income countries,OWID_LIC,2012,60.3636
Low-income countries,OWID_LIC,2013,60.8942
Low-income countries,OWID_LIC,2014,60.9
Low-income countries,OWID_LIC,2015,61.1625
Low-income countries,OWID_LIC,2016,61.5613
Low-income countries,OWID_LIC,2017,61.7655
Low-income countries,OWID_LIC,2018,62.7091
Low-income countries,OWID_LIC,2019,63.0385
Low-income countries,OWID_LIC,2020,63.267
Low-income countries,OWID_LIC,2021,62.779
Low-income countries,OWID_LIC,2022,63.4802
Low-income countries,OWID_LIC,2023,64.9377
Lower-middle-income countries,OWID_LMC,2010,65.4807
Lower-middle-income countries,OWID_LMC,2011,65.9437
Lower-middle-income countries,OWID_LMC,2012,66.3198
Lower-middle-income countries,OWID_LMC,2013,66.662
Lower-middle-income countries,OWID_LMC,2014,67.0069
Lower-middle-income countries,OWID_LMC,2015,67.3283
Lower-middle-income countries,OWID_LMC,2016,67.6702
Lower-middle-income countries,OWID_LMC,2017,67.9882
Lower-middle-income countries,OWID_LMC,2018,68.2475
Lower-middle-income countries,OWID_LMC,2019,68.5254
Lower-middle-income countries,OWID_LMC,2020,67.9056
Lower-middle-income countries,OWID_LMC,2021,66.1859
Lower-middle-income countries,OWID_LMC,2022,69.2504
Lower-middle-income countries,OWID_LMC,2023,69.5854
Luxembourg,LUX,2010,80.0987
Luxembourg,LUX,2011,80.2848
Luxembourg,LUX,2012,80.4383
Luxembourg,LUX,2013,80.8544
Luxembourg,LUX,2014,81.2359
Luxembourg,LUX,2015,81.2561
Luxembourg,LUX,2016,81.6199
Luxembourg,LUX,2017,81.0892
Luxembourg,LUX,2018,81.5187
Luxembourg,LUX,2019,81.5879
Luxembourg,LUX,2020,81.4108
Luxembourg,LUX,2021,81.8392
Luxembourg,LUX,2022,82.2007
Luxembourg,LUX,2023,82.2294
Macao,MAC,2010,81.6635
Macao,MAC,2011,81.9924
Macao,MAC,2012,82.2557
Macao,MAC,2013,82.4764
Macao,MAC,2014,82.6955
Macao,MAC,2015,82.9402
Macao,MAC,2016,83.0197
Macao,MAC,2017,83.0779
Macao,MAC,2018,83.3959
Macao,MAC,2019,83.2927
Macao,MAC,2020,84.61
Macao,MAC,2021,83.8179
Macao,MAC,2022,82.1025
Macao,MAC,2023,83.0749
Madagascar,MDG,2010,62.5967
Madagascar,MDG,2011,62.8602
Madagascar,MDG,2012,63.0068
Madagascar,MDG,2013,63.1613
Madagascar,MDG,2014,63.2615
Madagascar,MDG,2015,63.3621
Madagascar,MDG,2016,63.4312
Madagascar,MDG,2017,63.4328
Madagascar,MDG,2018,63.4911
Madagascar,MDG,2019,63.5039
Madagascar,MDG,2020,62.706
Madagascar,MDG,2021,62.5157
Madagascar,MDG,2022,63.0677
Madagascar,MDG,2023,63.6317
Malawi,MWI,2010,57.787
Malawi,MWI,2011,58.8589
Malawi,MWI,2012,59.8695
Malawi,MWI,2013,60.8158
Malawi,MWI,2014,61.6507
Malawi,MWI,2015,62.324
Malawi,MWI,2016,63.163
Malawi,MWI,2017,63.9145
Malawi,MWI,2018,64.4641
Malawi,MWI,2019,64.995
Malawi,MWI,2020,65.2159
Malawi,MWI,2021,64.782
Malawi,MWI,2022,66.037
Malawi,MWI,2023,67.3535
Malaysia,MYS,2010,75.3761
Malaysia,MYS,2011,75.4878
Malaysia,MYS,2012,75.5524
Malaysia,MYS,2013,75.464
Malaysia,MYS,2014,75.3451
Malaysia,MYS,2015,75.2876
Malaysia,MYS,2016,75.3712
Malaysia,MYS,2017,75.542
Malaysia,MYS,2018,75.7341
Malaysia,MYS,2019,75.9005
Malaysia,MYS,2020,76.0566
Malaysia,MYS,2021,73.9172
Malaysia,MYS,2022,75.4442
Malaysia,MYS,2023,76.6571
Maldives,MDV,2010,76.7556
Maldives,MDV,2011,77.1409
Maldives,MDV,2012,77.5123
Maldives,MDV,2013,77.8474
Maldives,MDV,2014,78.1873
Maldives,MDV,2015,78.6073
Maldives,MDV,2016,78.9128
Maldives,MDV,2017,79.2278
Maldives,MDV,2018,79.4331
Maldives,MDV,2019,79.7071
Maldives,MDV,2020,78.713
Maldives,MDV,2021,78.052
Maldives,MDV,2022,80.7595
Maldives,MDV,2023,81.0412
Mali,MLI,2010,55.9931
Mali,MLI,2011,56.3673
Mali,MLI,2012,56.6959
Mali,MLI,2013,57.0523
Mali,MLI,2014,57.4818
Mali,MLI,2015,57.8519
Mali,MLI,2016,58.2857
Mali,MLI,2017,58.562
Mali,MLI,2018,58.8728
Mali,MLI,2019,59.2173
Mali,MLI,2020,58.8577
Mali,MLI,2021,59.116
Mali,MLI,2022,60.0347
Mali,MLI,2023,60.4394
Malta,MLT,2010,81.3977
Malta,MLT,2011,80.8038
Malta,MLT,2012,81.0638
Malta,MLT,2013,81.8181
Malta,MLT,2014,82.3176
Malta,MLT,2015,82.5914
Malta,MLT,2016,82.6567
Malta,MLT,2017,83.0891
Malta,MLT,2018,82.9083
Malta,MLT,2019,82.8387
Malta,MLT,2020,82.3358
Malta,MLT,2021,82.3161
Malta,MLT,2022,82.2496
Malta,MLT,2023,83.2989
Marshall Islands,MHL,2010,64.4977
Marshall Islands,MHL,2011,64.6407
Marshall Islands,MHL,2012,64.7761
Marshall Islands,MHL,2013,64.9545
Marshall Islands,MHL,2014,65.11
Marshall Islands,MHL,2015,65.2922
Marshall Islands,MHL,2016,65.4768
Marshall Islands,MHL,2017,65.6731
Marshall Islands,MHL,2018,65.8703
Marshall Islands,MHL,2019,66.0473
Marshall Islands,MHL,2020,65.3873
Marshall Islands,MHL,2021,65.4209
Marshall Islands,MHL,2022,66.7245
Marshall Islands,MHL,2023,66.9454
Martinique,MTQ,2010,81.1379
Martinique,MTQ,2011,81.6168
Martinique,MTQ,2012,81.788
Martinique,MTQ,2013,81.9017
Martinique,MTQ,2014,81.9365
Martinique,MTQ,2015,82.0308
Martinique,MTQ,2016,81.8052
Martinique,MTQ,2017,81.9879
Martinique,MTQ,2018,82.0935
Martinique,MTQ,2019,82.0734
Martinique,MTQ,2020,80.2672
Martinique,MTQ,2021,77.7403
Martinique,MTQ,2022,80.8364
Martinique,MTQ,2023,82.5651
Mauritania,MRT,2010,65.6606
Mauritania,MRT,2011,65.7544
Mauritania,MRT,2012,65.808
Mauritania,MRT,2013,65.8899
Mauritania,MRT,2014,66.2069
Mauritania,MRT,2015,66.4982
Mauritania,MRT,2016,66.8235
Mauritania,MRT,2017,67.0885
Mauritania,MRT,2018,67.4195
Mauritania,MRT,2019,67.6397
Mauritania,MRT,2020,66.7943
Mauritania,MRT,2021,66.7618
Mauritania,MRT,2022,68.2807
Mauritania,MRT,2023,68.4836
Mauritius,MUS,2010,73.6475
Mauritius,MUS,2011,74.0678
Mauritius,MUS,2012,74.3302
Mauritius,MUS,2013,74.4298
Mauritius,MUS,2014,74.6143
Mauritius,MUS,2015,74.673
Mauritius,MUS,2016,74.85
Mauritius,MUS,2017,75.024
Mauritius,MUS,2018,74.4909
Mauritius,MUS,2019,74.1811
Mauritius,MUS,2020,74.6572
Mauritius,MUS,2021,72.903
Mauritius,MUS,2022,73.5445
Mauritius,MUS,2023,74.9263
Mayotte,MYT,2010,78.2501
Mayotte,MYT,2011,78.1565
Mayotte,MYT,2012,77.8854
Mayotte,MYT,2013,77.6097
Mayotte,MYT,2014,77.2861
Mayotte,MYT,2015,76.8827
Mayotte,MYT,2016,76.5053
Mayotte,MYT,2017,76.3488
Mayotte,MYT,2018,76.221
Mayotte,MYT,2019,76.1027
Mayotte,MYT,2020,74.2126
Mayotte,MYT,2021,72.8232
Mayotte,MYT,2022,75.1273
Mayotte,MYT,2023,76.0544
Mexico,MEX,2010,73.7181
Mexico,MEX,2011,73.9209
Mexico,MEX,2012,74.1278
Mexico,MEX,2013,74.289
Mexico,MEX,2014,74.4044
Mexico,MEX,2015,74.4315
Mexico,MEX,2016,74.3763
Mexico,MEX,2017,74.2609
Mexico,MEX,2018,74.3009
Mexico,MEX,2019,74.5302
Mexico,MEX,2020,70.4492
Mexico,MEX,2021,69.7499
Mexico,MEX,2022,73.9731
Mexico,MEX,2023,75.069
Micronesia (country),FSM,2010,64.8919
Micronesia (country),FSM,2011,64.9685
Micronesia (country),FSM,2012,65.0802
Micronesia (country),FSM,2013,65.1786
Micronesia (country),FSM,2014,65.294
Micronesia (country),FSM,2015,65.3065
Micronesia (country),FSM,2016,65.5757
Micronesia (country),FSM,2017,65.7612
Micronesia (country),FSM,2018,65.9427
Micronesia (country),FSM,2019,66.1957
Micronesia (country),FSM,2020,65.8776
Micronesia (country),FSM,2021,66.1516
Micronesia (country),FSM,2022,66.9606
Micronesia (country),FSM,2023,67.1983
Middle-income countries,,2010,69.0589
Middle-income countries,,2011,69.4991
Middle-income countries,,2012,69.889
Middle-income countries,,2013,70.2073
Middle-income countries,,2014,70.525
Middle-income countries,,2015,70.8093
Middle-income countries,,2016,71.0905
Middle-income countries,,2017,71.3481
Middle-income countries,,2018,71.6277
Middle-income countries,,2019,71.8616
Middle-income countries,,2020,71.1464
Middle-income countries,,2021,69.9191
Middle-income countries,,2022,72.1345
Middle-income countries,,2023,72.386
Moldova,MDA,2010,69.8759
Moldova,MDA,2011,70.1732
Moldova,MDA,2012,70.3438
Moldova,MDA,2013,70.2907
Moldova,MDA,2014,70.2407
Moldova,MDA,2015,70.118
Moldova,MDA,2016,70.1792
Moldova,MDA,2017,70.375
Moldova,MDA,2018,70.2355
Moldova,MDA,2019,70.181
Moldova,MDA,2020,69.9144
Moldova,MDA,2021,68.9908
Moldova,MDA,2022,71.5465
Moldova,MDA,2023,71.1985
Monaco,MCO,2010,84.6441
Monaco,MCO,2011,85.0099
Monaco,MCO,2012,85.0451
Monaco,MCO,2013,85.0557
Monaco,MCO,2014,85.0925
Monaco,MCO,2015,85.3231
Monaco,MCO,2016,85.6302
Monaco,MCO,2017,85.8784
Monaco,MCO,2018,86.0843
Monaco,MCO,2019,86.1507
Monaco,MCO,2020,86.0893
Monaco,MCO,2021,85.1126
Monaco,MCO,2022,85.7464
Monaco,MCO,2023,86.3724
Mongolia,MNG,2010,67.1004
Mongolia,MNG,2011,67.167
Mongolia,MNG,2012,67.6113
Mongolia,MNG,2013,68.2101
Mongolia,MNG,2014,68.7366
Mongolia,MNG,2015,69.2386
Mongolia,MNG,2016,69.736
Mongolia,MNG,2017,70.1709
Mongolia,MNG,2018,70.5743
Mongolia,MNG,2019,70.6631
Mongolia,MNG,2020,70.0291
Mongolia,MNG,2021,68.5654
Mongolia,MNG,2022,71.5049
Mongolia,MNG,2023,71.7341
Montenegro,MNE,2010,75.7125
Montenegro,MNE,2011,75.9607
Montenegro,MNE,2012,76.2367
Montenegro,MNE,2013,76.3539
Montenegro,MNE,2014,76.4679
Montenegro,MNE,2015,76.5939
Montenegro,MNE,2016,76.5647
Montenegro,MNE,2017,76.5929
Montenegro,MNE,2018,76.9215
Montenegro,MNE,2019,76.6392
Montenegro,MNE,2020,75.8503
Montenegro,MNE,2021,73.7893
Montenegro,MNE,2022,75.9214
Montenegro,MNE,2023,77.0869
Montserrat,MSR,2010,74.6831
Montserrat,MSR,2011,74.7673
Montserrat,MSR,2012,74.8496
Montserrat,MSR,2013,74.9333
Montserrat,MSR,2014,75.0332
Montserrat,MSR,2015,75.1277
Montserrat,MSR,2016,75.228
Montserrat,MSR,2017,75.3312
Montserrat,MSR,2018,75.4559
Montserrat,MSR,2019,75.6002
Montserrat,MSR,2020,75.5677
Montserrat,MSR,2021,75.8958
Montserrat,MSR,2022,76.0377
Montserrat,MSR,2023,76.1857
More developed regions,,2010,77.6946
More developed regions,,2011,78.1168
More developed regions,,2012,78.3164
More developed regions,,2013,78.5722
More developed regions,,2014,78.7784
More developed regions,,2015,78.8228
More developed regions,,2016,79.08
More developed regions,,2017,79.2555
More developed regions,,2018,79.3511
More developed regions,,2019,79.5444
More developed regions,,2020,78.3883
More developed regions,,2021,77.8268
More developed regions,,2022,78.8752
More developed regions,,2023,79.8777
Morocco,MAR,2010,70.8211
Morocco,MAR,2011,71.2634
Morocco,MAR,2012,71.674
Morocco,MAR,2013,72.1174
Morocco,MAR,2014,72.5225
Morocco,MAR,2015,72.8938
Morocco,MAR,2016,73.2279
Morocco,MAR,2017,73.6079
Morocco,MAR,2018,73.9456
Morocco,MAR,2019,74.2446
Morocco,MAR,2020,73.1327
Morocco,MAR,2021,73.3848
Morocco,MAR,2022,75.1614
Morocco,MAR,2023,75.3128
Mozambique,MOZ,2010,55.0397
Mozambique,MOZ,2011,55.7334
Mozambique,MOZ,2012,56.4604
Mozambique,MOZ,2013,57.1889
Mozambique,MOZ,2014,57.965
Mozambique,MOZ,2015,58.711
Mozambique,MOZ,2016,59.455
Mozambique,MOZ,2017,60.1484
Mozambique,MOZ,2018,60.7904
Mozambique,MOZ,2019,61.3059
Mozambique,MOZ,2020,61.3904
Mozambique,MOZ,2021,60.2683
Mozambique,MOZ,2022,63.0115
Mozambique,MOZ,2023,63.6111
Myanmar,MMR,2010,63.4791
Myanmar,MMR,2011,63.8589
Myanmar,MMR,2012,64.2511
Myanmar,MMR,2013,64.617
Myanmar,MMR,2014,64.9941
Myanmar,MMR,2015,65.2877
Myanmar,MMR,2016,65.6399
Myanmar,MMR,2017,65.9086
Myanmar,MMR,2018,66.2322
Myanmar,MMR,2019,66.4567
Myanmar,MMR,2020,66.6121
Myanmar,MMR,2021,65.5535
Myanmar,MMR,2022,66.5058
Myanmar,MMR,2023,66.889
Namibia,NAM,2010,56.0935
Namibia,NAM,2011,56.6467
Namibia,NAM,2012,57.7335
Namibia,NAM,2013,58.4675
Namibia,NAM,2014,59.3113
Namibia,NAM,2015,60.0083
Namibia,NAM,2016,60.8098
Namibia,NAM,2017,61.661
Namibia,NAM,2018,62.5787
Namibia,NAM,2019,63.5463
Namibia,NAM,2020,64.0712
Namibia,NAM,2021,60.8499
Namibia,NAM,2022,64.1903
Namibia,NAM,2023,67.3848
Nauru,NRU,2010,60.0741
Nauru,NRU,2011,60.2868
Nauru,NRU,2012,60.5326
Nauru,NRU,2013,60.7009
Nauru,NRU,2014,60.8335
Nauru,NRU,2015,60.8969
Nauru,NRU,2016,60.9958
Nauru,NRU,2017,61.1011
Nauru,NRU,2018,61.2378
Nauru,NRU,2019,61.3931
Nauru,NRU,2020,61.5271
Nauru,NRU,2021,61.3312
Nauru,NRU,2022,61.9304
Nauru,NRU,2023,62.1094
Nepal,NPL,2010,66.7724
Nepal,NPL,2011,67.1234
Nepal,NPL,2012,67.3637
Nepal,NPL,2013,67.5978
Nepal,NPL,2014,67.812
Nepal,NPL,2015,67.3736
Nepal,NPL,2016,68.4436
Nepal,NPL,2017,68.7398
Nepal,NPL,2018,69.036
Nepal,NPL,2019,69.2992
Nepal,NPL,2020,69.1065
Nepal,NPL,2021,68.3846
Nepal,NPL,2022,70.0869
Nepal,NPL,2023,70.3537
Netherlands,NLD,2010,80.8293
Netherlands,NLD,2011,81.1096
Netherlands,NLD,2012,81.059
Netherlands,NLD,2013,81.3011
Netherlands,NLD,2014,81.6503
Netherlands,NLD,2015,81.49
Netherlands,NLD,2016,81.5549
Netherlands,NLD,2017,81.7366
Netherlands,NLD,2018,81.7813
Netherlands,NLD,2019,82.053
Netherlands,NLD,2020,81.3931
Netherlands,NLD,2021,81.356
Netherlands,NLD,2022,81.9121
Netherlands,NLD,2023,82.1576
New Caledonia,NCL,2010,75.9915
New Caledonia,NCL,2011,76.3151
New Caledonia,NCL,2012,76.6153
New Caledonia,NCL,2013,76.8666
New Caledonia,NCL,2014,77.0529
New Caledonia,NCL,2015,77.2055
New Caledonia,NCL,2016,77.3589
New Caledonia,NCL,2017,77.5036
New Caledonia,NCL,2018,77.5567
New Caledonia,NCL,2019,77.2623
New Caledonia,NCL,2020,77.0494
New Caledonia,NCL,2021,77.1134
New Caledonia,NCL,2022,77.6983
New Caledonia,NCL,2023,78.7658
New Zealand,NZL,2010,81.0517
New Zealand,NZL,2011,80.8422
New Zealand,NZL,2012,81.1668
New Zealand,NZL,2013,81.6119
New Zealand,NZL,2014,81.4106
New Zealand,NZL,2015,81.5866
New Zealand,NZL,2016,82.0027
New Zealand,NZL,2017,81.6053
New Zealand,NZL,2018,81.8838
New Zealand,NZL,2019,81.8322
New Zealand,NZL,2020,82.6628
New Zealand,NZL,2021,82.3003
New Zealand,NZL,2022,81.0061
New Zealand,NZL,2023,82.088
Nicaragua,NIC,2010,71.7608
Nicaragua,NIC,2011,72.0329
Nicaragua,NIC,2012,72.4346
Nicaragua,NIC,2013,72.5513
Nicaragua,NIC,2014,72.792
Nicaragua,NIC,2015,72.8989
Nicaragua,NIC,2016,73.1803
Nicaragua,NIC,2017,73.3892
Nicaragua,NIC,2018,73.8787
Nicaragua,NIC,2019,73.7637
Nicaragua,NIC,2020,70.7662
Nicaragua,NIC,2021,70.4777
Nicaragua,NIC,2022,74.4626
Nicaragua,NIC,2023,74.9468
Niger,NER,2010,57.0796
Niger,NER,2011,57.6001
Niger,NER,2012,57.9867
Niger,NER,2013,58.364
Niger,NER,2014,58.6934
Niger,NER,2015,58.8498
Niger,NER,2016,59.2283
Niger,NER,2017,59.5239
Niger,NER,2018,59.7646
Niger,NER,2019,60.031
Niger,NER,2020,59.8903
Niger,NER,2021,59.5422
Niger,NER,2022,60.3981
Niger,NER,2023,61.1833
Nigeria,NGA,2010,51.3145
Nigeria,NGA,2011,51.4902
Nigeria,NGA,2012,51.6876
Nigeria,NGA,2013,51.8271
Nigeria,NGA,2014,51.9401
Nigeria,NGA,2015,51.9394
Nigeria,NGA,2016,52.1894
Nigeria,NGA,2017,52.3971
Nigeria,NGA,2018,52.669
Nigeria,NGA,2019,53.0086
Nigeria,NGA,2020,53.0724
Nigeria,NGA,2021,53.455
Nigeria,NGA,2022,54.079
Nigeria,NGA,2023,54.4623
Niue,NIU,2010,67.6513
Niue,NIU,2011,67.8254
Niue,NIU,2012,68.0091
Niue,NIU,2013,68.2061
Niue,NIU,2014,68.4181
Niue,NIU,2015,68.6111
Niue,NIU,2016,68.7963
Niue,NIU,2017,68.9833
Niue,NIU,2018,69.1361
Niue,NIU,2019,69.2988
Niue,NIU,2020,69.4704
Niue,NIU,2021,69.5721
Niue,NIU,2022,69.8182
Niue,NIU,2023,69.9778
No income group available,,2010,73.0247
No income group available,,2011,73.0263
No income group available,,2012,73.0266
No income group available,,2013,73.0224
No income group available,,2014,72.7924
No income group available,,2015,72.9609
No income group available,,2016,71.9826
No income group available,,2017,71.8901
No income group available,,2018,72.6186
No income group available,,2019,72.7458
No income group available,,2020,72.362
No income group available,,2021,71.5531
No income group available,,2022,72.5656
No income group available,,2023,72.5194
North Korea,PRK,2010,70.2456
North Korea,PRK,2011,70.7724
North Korea,PRK,2012,71.3171
North Korea,PRK,2013,71.8667
North Korea,PRK,2014,72.4508
North Korea,PRK,2015,72.8253
North Korea,PRK,2016,72.9708
North Korea,PRK,2017,73.0344
North Korea,PRK,2018,73.0196
North Korea,PRK,2019,72.9282
North Korea,PRK,2020,72.7826
North Korea,PRK,2021,73.4366
North Korea,PRK,2022,73.6411
North Korea,PRK,2023,73.6418
North Macedonia,MKD,2010,75.0374
North Macedonia,MKD,2011,75.1424
North Macedonia,MKD,2012,75.043
North Macedonia,MKD,2013,75.5832
North Macedonia,MKD,2014,75.6327
North Macedonia,MKD,2015,75.6289
North Macedonia,MKD,2016,75.571
North Macedonia,MKD,2017,76.1524
North Macedonia,MKD,2018,76.8835
North Macedonia,MKD,2019,76.8346
North Macedonia,MKD,2020,74.4687
North Macedonia,MKD,2021,73.2918
North Macedonia,MKD,2022,76.6455
North Macedonia,MKD,2023,77.3947
Northern America,,2010,78.9314
Northern America,,2011,78.9794
Northern America,,2012,79.102
Northern America,,2013,79.1116
Northern America,,2014,79.1729
Northern America,,2015,79.0375
Northern America,,2016,79.0166
Northern America,,2017,78.9734
Northern America,,2018,79.1123
Northern America,,2019,79.2526
Northern America,,2020,77.462
Northern America,,2021,76.9224
Northern America,,2022,78.3087
Northern America,,2023,79.6418
Northern Mariana Islands,MNP,2010,77.7996
Northern Mariana Islands,MNP,2011,77.6883
Northern Mariana Islands,MNP,2012,77.5658
Northern Mariana Islands,MNP,2013,77.4519
Northern Mariana Islands,MNP,2014,77.3774
Northern Mariana Islands,MNP,2015,77.3596
Northern Mariana Islands,MNP,2016,77.3916
Northern Mariana Islands,MNP,2017,77.4704
Northern Mariana Islands,MNP,2018,77.51
Northern Mariana Islands,MNP,2019,77.8437
Northern Mariana Islands,MNP,2020,78.03
Northern Mariana Islands,MNP,2021,78.1598
Northern Mariana Islands,MNP,2022,78.5312
Northern Mariana Islands,MNP,2023,78.8075
Norway,NOR,2010,81.0392
Norway,NOR,2011,81.2454
Norway,NOR,2012,81.4458
Norway,NOR,2013,81.6683
Norway,NOR,2014,82.0869
Norway,NOR,2015,82.2728
Norway,NOR,2016,82.4151
Norway,NOR,2017,82.6242
Norway,NOR,2018,82.7599
Norway,NOR,2019,82.9553
Norway,NOR,2020,83.1953
Norway,NOR,2021,83.1656
Norway,NOR,2022,82.6309
Norway,NOR,2023,83.3078
Oceania,OWID_OCE,2010,77.2291
Oceania,OWID_OCE,2011,77.3077
Oceania,OWID_OCE,2012,77.485
Oceania,OWID_OCE,2013,77.7918
Oceania,OWID_OCE,2014,77.782
Oceania,OWID_OCE,2015,77.925
Oceania,OWID_OCE,2016,78.1608
Oceania,OWID_OCE,2017,78.1272
Oceania,OWID_OCE,2018,78.5383
Oceania,OWID_OCE,2019,78.5668
Oceania,OWID_OCE,2020,78.8495
Oceania,OWID_OCE,2021,78.4519
Oceania,OWID_OCE,2022,78.0631
Oceania,OWID_OCE,2023,79.1464
Oman,OMN,2010,77.1844
Oman,OMN,2011,77.7405
Oman,OMN,2012,78.1874
Oman,OMN,2013,78.6326
Oman,OMN,2014,79.03
Oman,OMN,2015,79.3457
Oman,OMN,2016,79.5813
Oman,OMN,2017,79.7483
Oman,OMN,2018,79.8642
Oman,OMN,2019,79.9456
Oman,OMN,2020,77.7634
Oman,OMN,2021,75.9693
Oman,OMN,2022,77.9106
Oman,OMN,2023,80.0305
Pakistan,PAK,2010,64.3784
Pakistan,PAK,2011,64.6588
Pakistan,PAK,2012,64.8834
Pakistan,PAK,2013,65.1285
Pakistan,PAK,2014,65.374
Pakistan,PAK,2015,65.6406
Pakistan,PAK,2016,65.9434
Pakistan,PAK,2017,66.2233
Pakistan,PAK,2018,66.4807
Pakistan,PAK,2019,66.7288
Pakistan,PAK,2020,65.7015
Pakistan,PAK,2021,65.7731
Pakistan,PAK,2022,67.4167
Pakistan,PAK,2023,67.649
Palau,PLW,2010,68.3473
Palau,PLW,2011,68.6384
Palau,PLW,2012,68.8632
Palau,PLW,2013,68.9805
Palau,PLW,2014,69.062
Palau,PLW,2015,69.0702
Palau,PLW,2016,69.0464
Palau,PLW,2017,69.0189
Palau,PLW,2018,68.9885
Palau,PLW,2019,68.9816
Palau,PLW,2020,68.6889
Palau,PLW,2021,68.5629
Palau,PLW,2022,68.9222
Palau,PLW,2023,69.269
Palestine,PSE,2010,73.3018
Palestine,PSE,2011,73.5572
Palestine,PSE,2012,73.7218
Palestine,PSE,2013,74.1404
Palestine,PSE,2014,72.7814
Palestine,PSE,2015,74.5773
Palestine,PSE,2016,74.9168
Palestine,PSE,2017,75.2159
Palestine,PSE,2018,75.3798
Palestine,PSE,2019,75.8114
Palestine,PSE,2020,74.9978
Palestine,PSE,2021,73.8896
Palestine,PSE,2022,76.6624
Palestine,PSE,2023,65.1703
Panama,PAN,2010,76.417
Panama,PAN,2011,76.6594
Panama,PAN,2012,76.8767
Panama,PAN,2013,77.1292
Panama,PAN,2014,77.3645
Panama,PAN,2015,77.5827
Panama,PAN,2016,77.7724
Panama,PAN,2017,77.9011
Panama,PAN,2018,78.2656
Panama,PAN,2019,78.5145
Panama,PAN,2020,76.3302
Panama,PAN,2021,77.0037
Panama,PAN,2022,79.3241
Panama,PAN,2023,79.5937
Papua New Guinea,PNG,2010,63.0557
Papua New Guinea,PNG,2011,63.3819
Papua New Guinea,PNG,2012,63.6389
Papua New Guinea,PNG,2013,63.9267
Papua New Guinea,PNG,2014,64.1977
Papua New Guinea,PNG,2015,64.473
Papua New Guinea,PNG,2016,64.7
Papua New Guinea,PNG,2017,64.9229
Papua New Guinea,PNG,2018,65.1139
Papua New Guinea,PNG,2019,65.3306
Papua New Guinea,PNG,2020,65.075
Papua New Guinea,PNG,2021,64.3577
Papua New Guinea,PNG,2022,65.2736
Papua New Guinea,PNG,2023,66.134
Paraguay,PRY,2010,72.5506
Paraguay,PRY,2011,72.7875
Paraguay,PRY,2012,73.1046
Paraguay,PRY,2013,73.2916
Paraguay,PRY,2014,73.4145
Paraguay,PRY,2015,73.4535
Paraguay,PRY,2016,73.4865
Paraguay,PRY,2017,73.4495
Paraguay,PRY,2018,73.6271
Paraguay,PRY,2019,73.6681
Paraguay,PRY,2020,72.7197
Paraguay,PRY,2021,68.1081
Paraguay,PRY,2022,72.3185
Paraguay,PRY,2023,73.8443
Peru,PER,2010,72.8858
Peru,PER,2011,73.327
Peru,PER,2012,73.9792
Peru,PER,2013,74.5905
Peru,PER,2014,75.26
Peru,PER,2015,75.7316
Peru,PER,2016,75.9508
Peru,PER,2017,75.9576
Peru,PER,2018,76.018
Peru,PER,2019,76.2749
Peru,PER,2020,73.8315
Peru,PER,2021,71.5962
Peru,PER,2022,76.834
Peru,PER,2023,77.7401
Philippines,PHL,2010,68.8833
Philippines,PHL,2011,69.0963
Philippines,PHL,2012,69.2375
Philippines,PHL,2013,69.2828
Philippines,PHL,2014,69.3106
Philippines,PHL,2015,69.4501
Philippines,PHL,2016,69.4896
Philippines,PHL,2017,69.9661
Philippines,PHL,2018,69.7615
Philippines,PHL,2019,69.6804
Philippines,PHL,2020,70.0974
Philippines,PHL,2021,66.6755
Philippines,PHL,2022,69.4723
Philippines,PHL,2023,69.8327
Poland,POL,2010,76.2823
Poland,POL,2011,76.5683
Poland,POL,2012,76.7748
Poland,POL,2013,77.0758
Poland,POL,2014,77.312
Poland,POL,2015,77.5894
Poland,POL,2016,77.6395
Poland,POL,2017,77.7155
Poland,POL,2018,77.6232
Poland,POL,2019,77.9213
Poland,POL,2020,76.5951
Poland,POL,2021,75.6387
Poland,POL,2022,77.9229
Poland,POL,2023,78.6329
Portugal,PRT,2010,80.1149
Portugal,PRT,2011,80.5822
Portugal,PRT,2012,80.5549
Portugal,PRT,2013,80.9029
Portugal,PRT,2014,81.3135
Portugal,PRT,2015,81.3213
Portugal,PRT,2016,81.3636
Portugal,PRT,2017,81.6605
Portugal,PRT,2018,81.5915
Portugal,PRT,2019,81.9587
Portugal,PRT,2020,81.3664
Portugal,PRT,2021,81.3978
Portugal,PRT,2022,81.1936
Portugal,PRT,2023,82.3599
Puerto Rico,PRI,2010,78.7174
Puerto Rico,PRI,2011,78.7656
Puerto Rico,PRI,2012,79.2584
Puerto Rico,PRI,2013,80.3181
Puerto Rico,PRI,2014,80.0391
Puerto Rico,PRI,2015,80.6775
Puerto Rico,PRI,2016,80.3547
Puerto Rico,PRI,2017,79.07
Puerto Rico,PRI,2018,81.0859
Puerto Rico,PRI,2019,81.4383
Puerto Rico,PRI,2020,80.009
Puerto Rico,PRI,2021,79.7698
Puerto Rico,PRI,2022,79.4269
Puerto Rico,PRI,2023,81.6902
Qatar,QAT,2010,79.4438
Qatar,QAT,2011,79.9943
Qatar,QAT,2012,80.4994
Qatar,QAT,2013,80.9735
Qatar,QAT,2014,81.3955
Qatar,QAT,2015,81.785
Qatar,QAT,2016,82.1472
Qatar,QAT,2017,82.4583
Qatar,QAT,2018,82.7136
Qatar,QAT,2019,82.9454
Qatar,QAT,2020,80.4095
Qatar,QAT,2021,81.083
Qatar,QAT,2022,81.8566
Qatar,QAT,2023,82.368
Reunion,REU,2010,80.474
Reunion,REU,2011,80.9732
Reunion,REU,2012,81.3486
Reunion,REU,2013,81.6204
Reunion,REU,2014,81.7762
Reunion,REU,2015,81.9118
Reunion,REU,2016,82.0281
Reunion,REU,2017,82.1273
Reunion,REU,2018,82.198
Reunion,REU,2019,82.3179
Reunion,REU,2020,82.5765
Reunion,REU,2021,81.5003
Reunion,REU,2022,81.5
Reunion,REU,2023,83.5472
Romania,ROU,2010,73.5793
Romania,ROU,2011,74.2877
Romania,ROU,2012,74.314
Romania,ROU,2013,74.9179
Romania,ROU,2014,74.7654
Romania,ROU,2015,74.7371
Romania,ROU,2016,75.0209
Romania,ROU,2017,75.0236
Romania,ROU,2018,75.1033
Romania,ROU,2019,75.3288
Romania,ROU,2020,74.0464
Romania,ROU,2021,72.7405
Romania,ROU,2022,75.2614
Romania,ROU,2023,75.9381
Russia,RUS,2010,68.1526
Russia,RUS,2011,69.7255
Russia,RUS,2012,70.1165
Russia,RUS,2013,70.6403
Russia,RUS,2014,70.7978
Russia,RUS,2015,71.3449
Russia,RUS,2016,71.9101
Russia,RUS,2017,72.845
Russia,RUS,2018,72.9363
Russia,RUS,2019,73.0658
Russia,RUS,2020,71.1705
Russia,RUS,2021,69.8066
Russia,RUS,2022,72.5174
Russia,RUS,2023,73.1541
Rwanda,RWA,2010,62.804
Rwanda,RWA,2011,63.4764
Rwanda,RWA,2012,64.1887
Rwanda,RWA,2013,64.6512
Rwanda,RWA,2014,65.0877
Rwanda,RWA,2015,65.4188
Rwanda,RWA,2016,65.7326
Rwanda,RWA,2017,66.1404
Rwanda,RWA,2018,66.3539
Rwanda,RWA,2019,66.6905
Rwanda,RWA,2020,66.9534
Rwanda,RWA,2021,66.8496
Rwanda,RWA,2022,67.528
Rwanda,RWA,2023,67.7852
Saint Barthelemy,BLM,2010,81.8807
Saint Barthelemy,BLM,2011,82.0693
Saint Barthelemy,BLM,2012,82.3231
Saint Barthelemy,BLM,2013,82.4823
Saint Barthelemy,BLM,2014,82.7933
Saint Barthelemy,BLM,2015,82.9707
Saint Barthelemy,BLM,2016,83.1544
Saint Barthelemy,BLM,2017,81.7559
Saint Barthelemy,BLM,2018,83.6036
Saint Barthelemy,BLM,2019,83.8237
Saint Barthelemy,BLM,2020,84.0707
Saint Barthelemy,BLM,2021,84.1875
Saint Barthelemy,BLM,2022,84.2805
Saint Barthelemy,BLM,2023,84.2901
Saint Helena,SHN,2010,76.5108
Saint Helena,SHN,2011,76.5625
Saint Helena,SHN,2012,76.2267
Saint Helena,SHN,2013,76.2371
Saint Helena,SHN,2014,75.5721
Saint Helena,SHN,2015,75.1995
Saint Helena,SHN,2016,75.8061
Saint Helena,SHN,2017,76.3355
Saint Helena,SHN,2018,76.4031
Saint Helena,SHN,2019,76.6816
Saint Helena,SHN,2020,76.8925
Saint Helena,SHN,2021,76.7652
Saint Helena,SHN,2022,76.7352
Saint Helena,SHN,2023,76.7869
Saint Kitts and Nevis,KNA,2010,71.4516
Saint Kitts and Nevis,KNA,2011,71.4
Saint Kitts and Nevis,KNA,2012,71.3619
Saint Kitts and Nevis,KNA,2013,71.2903
Saint Kitts and Nevis,KNA,2014,71.2275
Saint Kitts and Nevis,KNA,2015,71.2112
Saint Kitts and Nevis,KNA,2016,71.2269
Saint Kitts and Nevis,KNA,2017,71.284
Saint Kitts and Nevis,KNA,2018,71.3362
Saint Kitts and Nevis,KNA,2019,71.5399
Saint Kitts and Nevis,KNA,2020,71.1814
Saint Kitts and Nevis,KNA,2021,69.2709
Saint Kitts and Nevis,KNA,2022,70.3131
Saint Kitts and Nevis,KNA,2023,72.1447
Saint Lucia,LCA,2010,72.7676
Saint Lucia,LCA,2011,72.9617
Saint Lucia,LCA,2012,72.86
Saint Lucia,LCA,2013,72.6872
Saint Lucia,LCA,2014,72.6764
Saint Lucia,LCA,2015,72.9319
Saint Lucia,LCA,2016,72.5515
Saint Lucia,LCA,2017,72.5218
Saint Lucia,LCA,2018,72.6546
Saint Lucia,LCA,2019,72.249
Saint Lucia,LCA,2020,72.3077
Saint Lucia,LCA,2021,69.1194
Saint Lucia,LCA,2022,72.6699
Saint Lucia,LCA,2023,72.6968
Saint Martin (French part),MAF,2010,78.7523
Saint Martin (French part),MAF,2011,79.0164
Saint Martin (French part),MAF,2012,79.3023
Saint Martin (French part),MAF,2013,79.5281
Saint Martin (French part),MAF,2014,79.7269
Saint Martin (French part),MAF,2015,79.8295
Saint Martin (French part),MAF,2016,79.8852
Saint Martin (French part),MAF,2017,78.7621
Saint Martin (French part),MAF,2018,80.029
Saint Martin (French part),MAF,2019,80.0784
Saint Martin (French part),MAF,2020,80.0848
Saint Martin (French part),MAF,2021,80.206
Saint Martin (French part),MAF,2022,80.2355
Saint Martin (French part),MAF,2023,80.2238
Saint Pierre and Miquelon,SPM,2010,76.3546
Saint Pierre and Miquelon,SPM,2011,76.4099
Saint Pierre and Miquelon,SPM,2012,76.4635
Saint Pierre and Miquelon,SPM,2013,76.481
Saint Pierre and Miquelon,SPM,2014,76.4747
Saint Pierre and Miquelon,SPM,2015,76.4825
Saint Pierre and Miquelon,SPM,2016,76.509
Saint Pierre and Miquelon,SPM,2017,76.5456
Saint Pierre and Miquelon,SPM,2018,76.5851
Saint Pierre and Miquelon,SPM,2019,76.6094
Saint Pierre and Miquelon,SPM,2020,76.6183
Saint Pierre and Miquelon,SPM,2021,76.6661
Saint Pierre and Miquelon,SPM,2022,76.6987
Saint Pierre and Miquelon,SPM,2023,76.7578
Saint Vincent and the Grenadines,VCT,2010,70.66
Saint Vincent and the Grenadines,VCT,2011,70.6094
Saint Vincent and the Grenadines,VCT,2012,70.5386
Saint Vincent and the Grenadines,VCT,2013,70.0912
Saint Vincent and the Grenadines,VCT,2014,70.3548
Saint Vincent and the Grenadines,VCT,2015,70.4626
Saint Vincent and the Grenadines,VCT,2016,70.6997
Saint Vincent and the Grenadines,VCT,2017,71.0126
Saint Vincent and the Grenadines,VCT,2018,71.0174
Saint Vincent and the Grenadines,VCT,2019,70.9944
Saint Vincent and the Grenadines,VCT,2020,69.6051
Saint Vincent and the Grenadines,VCT,2021,69.132
Saint Vincent and the Grenadines,VCT,2022,71.1906
Saint Vincent and the Grenadines,VCT,2023,71.2301
Samoa,WSM,2010,71.4512
Samoa,WSM,2011,71.393
Samoa,WSM,2012,71.1593
Samoa,WSM,2013,71.2291
Samoa,WSM,2014,71.1416
Samoa,WSM,2015,71.0599
Samoa,WSM,2016,71.0027
Samoa,WSM,2017,70.991
Samoa,WSM,2018,71.0516
Samoa,WSM,2019,70.2695
Samoa,WSM,2020,70.7265
Samoa,WSM,2021,71.0958
Samoa,WSM,2022,71.5503
Samoa,WSM,2023,71.6982
San Marino,SMR,2010,83.4638
San Marino,SMR,2011,83.7132
San Marino,SMR,2012,83.9427
San Marino,SMR,2013,84.1749
San Marino,SMR,2014,84.3941
San Marino,SMR,2015,84.5959
San Marino,SMR,2016,84.7751
San Marino,SMR,2017,84.9326
San Marino,SMR,2018,85.0947
San Marino,SMR,2019,85.2565
San Marino,SMR,2020,82.6495
San Marino,SMR,2021,83.5389
San Marino,SMR,2022,85.7082
San Marino,SMR,2023,85.7062
Sao Tome and Principe,STP,2010,63.8667
Sao Tome and Principe,STP,2011,64.1217
Sao Tome and Principe,STP,2012,64.5053
Sao Tome and Principe,STP,2013,64.9301
Sao Tome and Principe,STP,2014,65.4775
Sao Tome and Principe,STP,2015,66.0231
Sao Tome and Principe,STP,2016,66.5632
Sao Tome and Principe,STP,2017,67.0741
Sao Tome and Principe,STP,2018,67.6015
Sao Tome and Principe,STP,2019,68.0435
Sao Tome and Principe,STP,2020,67.979
Sao Tome and Principe,STP,2021,68.0262
Sao Tome and Principe,STP,2022,69.2368
Sao Tome and Principe,STP,2023,69.7182
Saudi Arabia,SAU,2010,75.6161
Saudi Arabia,SAU,2011,75.8081
Saudi Arabia,SAU,2012,76.0896
Saudi Arabia,SAU,2013,76.5169
Saudi Arabia,SAU,2014,77.1159
Saudi Arabia,SAU,2015,77.7762
Saudi Arabia,SAU,2016,78.3537
Saudi Arabia,SAU,2017,78.7213
Saudi Arabia,SAU,2018,78.7499
Saudi Arabia,SAU,2019,78.3132
Saudi Arabia,SAU,2020,77.5962
Saudi Arabia,SAU,2021,77.0887
Saudi Arabia,SAU,2022,77.3098
Saudi Arabia,SAU,2023,78.7321
Senegal,SEN,2010,64.2214
Senegal,SEN,2011,64.7987
Senegal,SEN,2012,65.2291
Senegal,SEN,2013,65.6376
Senegal,SEN,2014,66.0014
Senegal,SEN,2015,66.4511
Senegal,SEN,2016,66.724
Senegal,SEN,2017,67.0589
Senegal,SEN,2018,67.3792
Senegal,SEN,2019,67.668
Senegal,SEN,2020,67.4961
Senegal,SEN,2021,66.8685
Senegal,SEN,2022,67.7884
Senegal,SEN,2023,68.6829
Serbia,SRB,2010,74.3762
Serbia,SRB,2011,74.7194
Serbia,SRB,2012,75.0888
Serbia,SRB,2013,75.3461
Serbia,SRB,2014,75.4778
Serbia,SRB,2015,75.653
Serbia,SRB,2016,75.7375
Serbia,SRB,2017,75.7921
Serbia,SRB,2018,76.0356
Serbia,SRB,2019,76.0585
Serbia,SRB,2020,74.5065
Serbia,SRB,2021,72.853
Serbia,SRB,2022,75.4778
Serbia,SRB,2023,76.7693
Seychelles,SYC,2010,72.4771
Seychelles,SYC,2011,72.5062
Seychelles,SYC,2012,72.4907
Seychelles,SYC,2013,72.4279
Seychelles,SYC,2014,72.3545
Seychelles,SYC,2015,72.2854
Seychelles,SYC,2016,72.2456
Seychelles,SYC,2017,72.2319
Seychelles,SYC,2018,72.1756
Seychelles,SYC,2019,72.1226
Seychelles,SYC,2020,74.0912
Seychelles,SYC,2021,71.2198
Seychelles,SYC,2022,71.2481
Seychelles,SYC,2023,72.862
Sierra Leone,SLE,2010,51.9272
Sierra Leone,SLE,2011,52.5936
Sierra Leone,SLE,2012,53.159
Sierra Leone,SLE,2013,54.0515
Sierra Leone,SLE,2014,54.2809
Sierra Leone,SLE,2015,55.454
Sierra Leone,SLE,2016,56.9368
Sierra Leone,SLE,2017,57.761
Sierra Leone,SLE,2018,59.0587
Sierra Leone,SLE,2019,59.5935
Sierra Leone,SLE,2020,59.6935
Sierra Leone,SLE,2021,60.2596
Sierra Leone,SLE,2022,61.2748
Sierra Leone,SLE,2023,61.7858
Singapore,SGP,2010,81.6472
Singapore,SGP,2011,81.9417
Singapore,SGP,2012,82.2089
Singapore,SGP,2013,82.4676
Singapore,SGP,2014,82.6146
Singapore,SGP,2015,82.7479
Singapore,SGP,2016,82.897
Singapore,SGP,2017,83.0947
Singapore,SGP,2018,83.3783
Singapore,SGP,2019,83.6622
Singapore,SGP,2020,83.6607
Singapore,SGP,2021,83.4846
Singapore,SGP,2022,82.9211
Singapore,SGP,2023,83.7362
Sint Maarten (Dutch part),SXM,2010,74.8212
Sint Maarten (Dutch part),SXM,2011,74.8684
Sint Maarten (Dutch part),SXM,2012,75.1253
Sint Maarten (Dutch part),SXM,2013,75.3913
Sint Maarten (Dutch part),SXM,2014,75.7346
Sint Maarten (Dutch part),SXM,2015,75.8992
Sint Maarten (Dutch part),SXM,2016,75.9518
Sint Maarten (Dutch part),SXM,2017,75.4551
Sint Maarten (Dutch part),SXM,2018,75.6932
Sint Maarten (Dutch part),SXM,2019,75.6796
Sint Maarten (Dutch part),SXM,2020,75.0023
Sint Maarten (Dutch part),SXM,2021,74.5049
Sint Maarten (Dutch part),SXM,2022,76.1804
Sint Maarten (Dutch part),SXM,2023,76.371
Slovakia,SVK,2010,75.4963
Slovakia,SVK,2011,76.0181
Slovakia,SVK,2012,76.1764
Slovakia,SVK,2013,76.5139
Slovakia,SVK,2014,76.8484
Slovakia,SVK,2015,76.6505
Slovakia,SVK,2016,77.2156
Slovakia,SVK,2017,77.22
Slovakia,SVK,2018,77.265
Slovakia,SVK,2019,77.6863
Slovakia,SVK,2020,76.8643
Slovakia,SVK,2021,74.5901
Slovakia,SVK,2022,77.0356
Slovakia,SVK,2023,78.3414
Slovenia,SVN,2010,79.3008
Slovenia,SVN,2011,79.5884
Slovenia,SVN,2012,79.7652
Slovenia,SVN,2013,80.0884
Slovenia,SVN,2014,80.2517
Slovenia,SVN,2015,80.4994
Slovenia,SVN,2016,80.512
Slovenia,SVN,2017,80.6163
Slovenia,SVN,2018,80.861
Slovenia,SVN,2019,81.007
Slovenia,SVN,2020,80.3641
Slovenia,SVN,2021,80.434
Slovenia,SVN,2022,80.7933
Slovenia,SVN,2023,81.6034
Small Island Developing States (SIDS),,2010,66.8337
Small Island Developing States (SIDS),,2011,70.9031
Small Island Developing States (SIDS),,2012,71.2258
Small Island Developing States (SIDS),,2013,71.4626
Small Island Developing States (SIDS),,2014,71.5533
Small Island Developing States (SIDS),,2015,71.6727
Small Island Developing States (SIDS),,2016,71.6704
Small Island Developing States (SIDS),,2017,71.7806
Small Island Developing States (SIDS),,2018,72.0323
Small Island Developing States (SIDS),,2019,72.0847
Small Island Developing States (SIDS),,2020,71.7761
Small Island Developing States (SIDS),,2021,69.8938
Small Island Developing States (SIDS),,2022,72.1257
Small Island Developing States (SIDS),,2023,72.7255
Solomon Islands,SLB,2010,68.6694
Solomon Islands,SLB,2011,68.8241
Solomon Islands,SLB,2012,68.9606
Solomon Islands,SLB,2013,69.0072
Solomon Islands,SLB,2014,68.9836
Solomon Islands,SLB,2015,69.3234
Solomon Islands,SLB,2016,69.5012
Solomon Islands,SLB,2017,69.6517
Solomon Islands,SLB,2018,69.8061
Solomon Islands,SLB,2019,69.9807
Solomon Islands,SLB,2020,69.2577
Solomon Islands,SLB,2021,68.8904
Solomon Islands,SLB,2022,70.4086
Solomon Islands,SLB,2023,70.5277
Somalia,SOM,2010,48.8996
Somalia,SOM,2011,32.4525
Somalia,SOM,2012,49.1384
Somalia,SOM,2013,54.0163
Somalia,SOM,2014,54.4421
Somalia,SOM,2015,55.0555
Somalia,SOM,2016,55.2828
Somalia,SOM,2017,52.1901
Somalia,SOM,2018,54.7673
Somalia,SOM,2019,57.2494
Somalia,SOM,2020,57.0948
Somalia,SOM,2021,55.7027
Somalia,SOM,2022,53.9315
Somalia,SOM,2023,58.8158
South Africa,ZAF,2010,58.8863
South Africa,ZAF,2011,60.6024
South Africa,ZAF,2012,61.7366
South Africa,ZAF,2013,62.3883
South Africa,ZAF,2014,63.1845
South Africa,ZAF,2015,64.0532
South Africa,ZAF,2016,64.7495
South Africa,ZAF,2017,65.4222
South Africa,ZAF,2018,65.726
South Africa,ZAF,2019,66.0711
South Africa,ZAF,2020,65.1502
South Africa,ZAF,2021,62.0099
South Africa,ZAF,2022,65.4536
South Africa,ZAF,2023,66.1387
South Korea,KOR,2010,80.7172
South Korea,KOR,2011,81.1685
South Korea,KOR,2012,81.3075
South Korea,KOR,2013,81.8356
South Korea,KOR,2014,82.3641
South Korea,KOR,2015,82.5404
South Korea,KOR,2016,82.9204
South Korea,KOR,2017,83.2784
South Korea,KOR,2018,83.34
South Korea,KOR,2019,83.6846
South Korea,KOR,2020,83.6752
South Korea,KOR,2021,83.8517
South Korea,KOR,2022,82.727
South Korea,KOR,2023,84.3288
South Sudan,SSD,2010,57.4848
South Sudan,SSD,2011,57.6738
South Sudan,SSD,2012,58.2406
South Sudan,SSD,2013,58.2853
South Sudan,SSD,2014,45.6247
South Sudan,SSD,2015,39.7565
South Sudan,SSD,2016,36.72
South Sudan,SSD,2017,35.3511
South Sudan,SSD,2018,51.9049
South Sudan,SSD,2019,58.1293
South Sudan,SSD,2020,57.6479
South Sudan,SSD,2021,57.0474
South Sudan,SSD,2022,57.2026
South Sudan,SSD,2023,57.6174
Spain,ESP,2010,82.0063
Spain,ESP,2011,82.1804
Spain,ESP,2012,82.1905
Spain,ESP,2013,82.6943
Spain,ESP,2014,82.8283
Spain,ESP,2015,82.6109
Spain,ESP,2016,82.9999
Spain,ESP,2017,82.9862
Spain,ESP,2018,83.0956
Spain,ESP,2019,83.4794
Spain,ESP,2020,82.2413
Spain,ESP,2021,82.9508
Spain,ESP,2022,82.3661
Spain,ESP,2023,83.6703
Sri Lanka,LKA,2010,74.4626
Sri Lanka,LKA,2011,74.7405
Sri Lanka,LKA,2012,75.1866
Sri Lanka,LKA,2013,75.5461
Sri Lanka,LKA,2014,75.7573
Sri Lanka,LKA,2015,75.9899
Sri Lanka,LKA,2016,76.1361
Sri Lanka,LKA,2017,76.2386
Sri Lanka,LKA,2018,76.4853
Sri Lanka,LKA,2019,76.698
Sri Lanka,LKA,2020,76.9281
Sri Lanka,LKA,2021,76.2779
Sri Lanka,LKA,2022,77.2996
Sri Lanka,LKA,2023,77.4828
Sudan,SDN,2010,62.9792
Sudan,SDN,2011,63.1809
Sudan,SDN,2012,63.4273
Sudan,SDN,2013,63.4433
Sudan,SDN,2014,63.9905
Sudan,SDN,2015,64.3746
Sudan,SDN,2016,64.6773
Sudan,SDN,2017,65.1464
Sudan,SDN,2018,65.5005
Sudan,SDN,2019,65.8032
Sudan,SDN,2020,65.1237
Sudan,SDN,2021,64.4604
Sudan,SDN,2022,65.695
Sudan,SDN,2023,66.331
Suriname,SUR,2010,69.6262
Suriname,SUR,2011,69.8203
Suriname,SUR,2012,69.9568
Suriname,SUR,2013,70.1101
Suriname,SUR,2014,70.33
Suriname,SUR,2015,70.5671
Suriname,SUR,2016,70.9786
Suriname,SUR,2017,71.2474
Suriname,SUR,2018,71.4679
Suriname,SUR,2019,71.7734
Suriname,SUR,2020,72.3208
Suriname,SUR,2021,68.9427
Suriname,SUR,2022,73.2538
Suriname,SUR,2023,73.631
Sweden,SWE,2010,81.519
Sweden,SWE,2011,81.7584
Sweden,SWE,2012,81.7299
Sweden,SWE,2013,81.9354
Sweden,SWE,2014,82.2241
Sweden,SWE,2015,82.1844
Sweden,SWE,2016,82.3391
Sweden,SWE,2017,82.4377
Sweden,SWE,2018,82.5321
Sweden,SWE,2019,83.0518
Sweden,SWE,2020,82.4271
Sweden,SWE,2021,83.0196
Sweden,SWE,2022,83.046
Sweden,SWE,2023,83.2624
Switzerland,CHE,2010,82.2873
Switzerland,CHE,2011,82.5738
Switzerland,CHE,2012,82.6167
Switzerland,CHE,2013,82.6892
Switzerland,CHE,2014,83.0841
Switzerland,CHE,2015,82.8461
Switzerland,CHE,2016,83.4457
Switzerland,CHE,2017,83.414
Switzerland,CHE,2018,83.5639
Switzerland,CHE,2019,83.7804
Switzerland,CHE,2020,83.0626
Switzerland,CHE,2021,83.6477
Switzerland,CHE,2022,83.2003
Switzerland,CHE,2023,83.9536
Syria,SYR,2010,73.5417
Syria,SYR,2011,72.2593
Syria,SYR,2012,66.2064
Syria,SYR,2013,65.1457
Syria,SYR,2014,65.4916
Syria,SYR,2015,63.2651
Syria,SYR,2016,65.1896
Syria,SYR,2017,65.6508
Syria,SYR,2018,67.3711
Syria,SYR,2019,70.9701
Syria,SYR,2020,71.944
Syria,SYR,2021,72.4175
Syria,SYR,2022,72.7898
Syria,SYR,2023,72.1201
Taiwan,TWN,2010,79.0363
Taiwan,TWN,2011,78.8804
Taiwan,TWN,2012,79.1791
Taiwan,TWN,2013,79.5976
Taiwan,TWN,2014,79.4726
Taiwan,TWN,2015,79.8786
Taiwan,TWN,2016,79.6996
Taiwan,TWN,2017,80.061
Taiwan,TWN,2018,80.4312
Taiwan,TWN,2019,80.5958
Taiwan,TWN,2020,81.1067
Taiwan,TWN,2021,80.7847
Taiwan,TWN,2022,80.1569
Taiwan,TWN,2023,80.5588
Tajikistan,TJK,2010,68.3698
Tajikistan,TJK,2011,68.6983
Tajikistan,TJK,2012,69.1296
Tajikistan,TJK,2013,69.579
Tajikistan,TJK,2014,69.697
Tajikistan,TJK,2015,69.6647
Tajikistan,TJK,2016,69.9819
Tajikistan,TJK,2017,70.5241
Tajikistan,TJK,2018,70.7366
Tajikistan,TJK,2019,70.962
Tajikistan,TJK,2020,68.6054
Tajikistan,TJK,2021,69.5935
Tajikistan,TJK,2022,71.5624
Tajikistan,TJK,2023,71.7901
Tanzania,TZA,2010,61.1266
Tanzania,TZA,2011,61.6176
Tanzania,TZA,2012,62.2862
Tanzania,TZA,2013,62.788
Tanzania,TZA,2014,63.3638
Tanzania,TZA,2015,63.9284
Tanzania,TZA,2016,64.4037
Tanzania,TZA,2017,64.9631
Tanzania,TZA,2018,65.488
Tanzania,TZA,2019,66.0068
Tanzania,TZA,2020,66.7712
Tanzania,TZA,2021,66.1306
Tanzania,TZA,2022,66.8786
Tanzania,TZA,2023,66.9953
Thailand,THA,2010,75.0117
Thailand,THA,2011,75.3015
Thailand,THA,2012,75.5899
Thailand,THA,2013,75.9601
Thailand,THA,2014,76.2792
Thailand,THA,2015,76.5631
Thailand,THA,2016,76.7693
Thailand,THA,2017,76.9888
Thailand,THA,2018,77.1903
Thailand,THA,2019,77.1967
Thailand,THA,2020,77.3314
Thailand,THA,2021,77.6065
Thailand,THA,2022,75.2913
Thailand,THA,2023,76.4115
Togo,TGO,2010,57.2266
Togo,TGO,2011,57.6118
Togo,TGO,2012,57.9396
Togo,TGO,2013,58.3447
Togo,TGO,2014,58.7663
Togo,TGO,2015,59.2201
Togo,TGO,2016,59.6686
Togo,TGO,2017,60.1351
Togo,TGO,2018,60.6006
Togo,TGO,2019,61.0554
Togo,TGO,2020,61.1225
Togo,TGO,2021,61.3285
Togo,TGO,2022,62.2898
Togo,TGO,2023,62.7387
Tokelau,TKL,2010,74.5103
Tokelau,TKL,2011,74.7605
Tokelau,TKL,2012,75.0127
Tokelau,TKL,2013,75.2692
Tokelau,TKL,2014,75.4738
Tokelau,TKL,2015,75.7071
Tokelau,TKL,2016,75.9262
Tokelau,TKL,2017,76.0554
Tokelau,TKL,2018,76.2435
Tokelau,TKL,2019,76.4524
Tokelau,TKL,2020,76.6217
Tokelau,TKL,2021,76.7183
Tokelau,TKL,2022,76.887
Tokelau,TKL,2023,77.0512
Tonga,TON,2010,71.3185
Tonga,TON,2011,71.4372
Tonga,TON,2012,71.5461
Tonga,TON,2013,71.6499
Tonga,TON,2014,71.7212
Tonga,TON,2015,71.851
Tonga,TON,2016,71.9505
Tonga,TON,2017,72.0657
Tonga,TON,2018,72.1691
Tonga,TON,2019,72.292
Tonga,TON,2020,72.3787
Tonga,TON,2021,72.1296
Tonga,TON,2022,72.6353
Tonga,TON,2023,72.8947
Trinidad and Tobago,TTO,2010,71.809
Trinidad and Tobago,TTO,2011,72.2323
Trinidad and Tobago,TTO,2012,72.513
Trinidad and Tobago,TTO,2013,72.7855
Trinidad and Tobago,TTO,2014,72.8984
Trinidad and Tobago,TTO,2015,72.8817
Trinidad and Tobago,TTO,2016,72.9348
Trinidad and Tobago,TTO,2017,72.9844
Trinidad and Tobago,TTO,2018,72.6582
Trinidad and Tobago,TTO,2019,72.8357
Trinidad and Tobago,TTO,2020,72.645
Trinidad and Tobago,TTO,2021,71.1114
Trinidad and Tobago,TTO,2022,73.3308
Trinidad and Tobago,TTO,2023,73.4896
Tunisia,TUN,2010,74.4376
Tunisia,TUN,2011,74.4714
Tunisia,TUN,2012,74.5985
Tunisia,TUN,2013,74.6736
Tunisia,TUN,2014,74.7838
Tunisia,TUN,2015,74.8748
Tunisia,TUN,2016,75.0074
Tunisia,TUN,2017,75.1768
Tunisia,TUN,2018,75.37
Tunisia,TUN,2019,75.5992
Tunisia,TUN,2020,75.0035
Tunisia,TUN,2021,72.8928
Tunisia,TUN,2022,76.0505
Tunisia,TUN,2023,76.5077
Turkey,TUR,2010,74.9642
Turkey,TUR,2011,74.8234
Turkey,TUR,2012,75.5519
Turkey,TUR,2013,76.1705
Turkey,TUR,2014,76.4519
Turkey,TUR,2015,76.5389
Turkey,TUR,2016,76.5948
Turkey,TUR,2017,77.0372
Turkey,TUR,2018,77.4535
Turkey,TUR,2019,77.737
Turkey,TUR,2020,76.5255
Turkey,TUR,2021,75.7222
Turkey,TUR,2022,77.5913
Turkey,TUR,2023,77.1557
Turkmenistan,TKM,2010,68.6078
Turkmenistan,TKM,2011,68.8696
Turkmenistan,TKM,2012,68.9607
Turkmenistan,TKM,2013,68.968
Turkmenistan,TKM,2014,69.0014
Turkmenistan,TKM,2015,69.0608
Turkmenistan,TKM,2016,69.1421
Turkmenistan,TKM,2017,69.19
Turkmenistan,TKM,2018,69.2718
Turkmenistan,TKM,2019,69.4046
Turkmenistan,TKM,2020,68.8457
Turkmenistan,TKM,2021,69.3525
Turkmenistan,TKM,2022,69.9133
Turkmenistan,TKM,2023,70.0727
Turks and Caicos Islands,TCA,2010,76.784
Turks and Caicos Islands,TCA,2011,76.8697
Turks and Caicos Islands,TCA,2012,76.9694
Turks and Caicos Islands,TCA,2013,77.0998
Turks and Caicos Islands,TCA,2014,77.2116
Turks and Caicos Islands,TCA,2015,77.3211
Turks and Caicos Islands,TCA,2016,77.4372
Turks and Caicos Islands,TCA,2017,77.5051
Turks and Caicos Islands,TCA,2018,77.5957
Turks and Caicos Islands,TCA,2019,77.691
Turks and Caicos Islands,TCA,2020,77.4989
Turks and Caicos Islands,TCA,2021,77.2342
Turks and Caicos Islands,TCA,2022,77.9176
Turks and Caicos Islands,TCA,2023,78.0077
Tuvalu,TUV,2010,64.834
Tuvalu,TUV,2011,64.9598
Tuvalu,TUV,2012,65.0792
Tuvalu,TUV,2013,65.1713
Tuvalu,TUV,2014,65.2778
Tuvalu,TUV,2015,65.3652
Tuvalu,TUV,2016,65.51
Tuvalu,TUV,2017,65.6826
Tuvalu,TUV,2018,65.871
Tuvalu,TUV,2019,66.1085
Tuvalu,TUV,2020,66.3567
Tuvalu,TUV,2021,65.8236
Tuvalu,TUV,2022,66.8516
Tuvalu,TUV,2023,67.1049
Uganda,UGA,2010,59.9593
Uganda,UGA,2011,60.7914
Uganda,UGA,2012,61.5786
Uganda,UGA,2013,62.3531
Uganda,UGA,2014,63.0575
Uganda,UGA,2015,63.8315
Uganda,UGA,2016,64.4944
Uganda,UGA,2017,65.1738
Uganda,UGA,2018,65.7751
Uganda,UGA,2019,66.3537
Uganda,UGA,2020,66.4098
Uganda,UGA,2021,66.4497
Uganda,UGA,2022,67.6747
Uganda,UGA,2023,68.2523
Ukraine,UKR,2010,70.1883
Ukraine,UKR,2011,70.7106
Ukraine,UKR,2012,71.0896
Ukraine,UKR,2013,71.4744
Ukraine,UKR,2014,71.8034
Ukraine,UKR,2015,72.6862
Ukraine,UKR,2016,73.3894
Ukraine,UKR,2017,73.9935
Ukraine,UKR,2018,73.5691
Ukraine,UKR,2019,73.9199
Ukraine,UKR,2020,73.2833
Ukraine,UKR,2021,71.6308
Ukraine,UKR,2022,72.6582
Ukraine,UKR,2023,73.4225
United Arab Emirates,ARE,2010,81.886
United Arab Emirates,ARE,2011,81.8984
United Arab Emirates,ARE,2012,81.9129
United Arab Emirates,ARE,2013,81.95
United Arab Emirates,ARE,2014,81.9902
United Arab Emirates,ARE,2015,82.0759
United Arab Emirates,ARE,2016,82.1946
United Arab Emirates,ARE,2017,82.3884
United Arab Emirates,ARE,2018,82.4493
United Arab Emirates,ARE,2019,82.5961
United Arab Emirates,ARE,2020,81.9363
United Arab Emirates,ARE,2021,79.0831
United Arab Emirates,ARE,2022,80.4868
United Arab Emirates,ARE,2023,82.9091
United Kingdom,GBR,2010,80.3908
United Kingdom,GBR,2011,80.7961
United Kingdom,GBR,2012,80.8594
United Kingdom,GBR,2013,80.9232
United Kingdom,GBR,2014,81.1529
United Kingdom,GBR,2015,80.919
United Kingdom,GBR,2016,81.0675
United Kingdom,GBR,2017,81.164
United Kingdom,GBR,2018,81.1229
United Kingdom,GBR,2019,81.4426
United Kingdom,GBR,2020,80.3854
United Kingdom,GBR,2021,80.708
United Kingdom,GBR,2022,81.0744
United Kingdom,GBR,2023,81.3015
United States,USA,2010,78.6681
United States,USA,2011,78.7023
United States,USA,2012,78.8169
United States,USA,2013,78.8175
United States,USA,2014,78.8785
United States,USA,2015,78.7219
United States,USA,2016,78.686
United States,USA,2017,78.6483
United States,USA,2018,78.7997
United States,USA,2019,78.916
United States,USA,2020,77.0115
United States,USA,2021,76.3836
United States,USA,2022,77.9789
United States,USA,2023,79.3043
United States Virgin Islands,VIR,2010,73.235
United States Virgin Islands,VIR,2011,73.4027
United States Virgin Islands,VIR,2012,73.6956
United States Virgin Islands,VIR,2013,73.9471
United States Virgin Islands,VIR,2014,74.1975
United States Virgin Islands,VIR,2015,74.3104
United States Virgin Islands,VIR,2016,74.4236
United States Virgin Islands,VIR,2017,74.3721
United States Virgin Islands,VIR,2018,74.6823
United States Virgin Islands,VIR,2019,74.8761
United States Virgin Islands,VIR,2020,74.7137
United States Virgin Islands,VIR,2021,74.6132
United States Virgin Islands,VIR,2022,75.0449
United States Virgin Islands,VIR,2023,75.4724
Upper-middle-income countries,OWID_UMC,2010,73.3493
Upper-middle-income countries,OWID_UMC,2011,73.741
Upper-middle-income countries,OWID_UMC,2012,74.0892
Upper-middle-income countries,OWID_UMC,2013,74.3797
Upper-middle-income countries,OWID_UMC,2014,74.6384
Upper-middle-income countries,OWID_UMC,2015,74.9065
Upper-middle-income countries,OWID_UMC,2016,75.1029
Upper-middle-income countries,OWID_UMC,2017,75.2946
Upper-middle-income countries,OWID_UMC,2018,75.6241
Upper-middle-income countries,OWID_UMC,2019,75.8229
Upper-middle-income countries,OWID_UMC,2020,75.0315
Upper-middle-income countries,OWID_UMC,2021,74.338
Upper-middle-income countries,OWID_UMC,2022,75.7306
Upper-middle-income countries,OWID_UMC,2023,75.8812
Uruguay,URY,2010,76.6911
Uruguay,URY,2011,76.6141
Uruguay,URY,2012,76.6914
Uruguay,URY,2013,76.9531
Uruguay,URY,2014,77.1941
Uruguay,URY,2015,77.2847
Uruguay,URY,2016,77.3511
Uruguay,URY,2017,77.618
Uruguay,URY,2018,77.5273
Uruguay,URY,2019,77.5028
Uruguay,URY,2020,78.3811
Uruguay,URY,2021,75.4345
Uruguay,URY,2022,76.4682
Uruguay,URY,2023,78.1385
Uzbekistan,UZB,2010,69.8364
Uzbekistan,UZB,2011,70.1429
Uzbekistan,UZB,2012,70.4108
Uzbekistan,UZB,2013,70.6925
Uzbekistan,UZB,2014,70.9732
Uzbekistan,UZB,2015,71.3298
Uzbekistan,UZB,2016,71.5798
Uzbekistan,UZB,2017,71.7372
Uzbekistan,UZB,2018,71.9988
Uzbekistan,UZB,2019,72.0934
Uzbekistan,UZB,2020,71.4613
Uzbekistan,UZB,2021,71.6808
Uzbekistan,UZB,2022,72.1465
Uzbekistan,UZB,2023,72.3884
Vanuatu,VUT,2010,69.5703
Vanuatu,VUT,2011,69.7287
Vanuatu,VUT,2012,69.8983
Vanuatu,VUT,2013,69.9861
Vanuatu,VUT,2014,70.0433
Vanuatu,VUT,2015,70.1632
Vanuatu,VUT,2016,70.3975
Vanuatu,VUT,2017,70.4996
Vanuatu,VUT,2018,70.6259
Vanuatu,VUT,2019,70.7834
Vanuatu,VUT,2020,70.3845
Vanuatu,VUT,2021,69.9518
Vanuatu,VUT,2022,71.3016
Vanuatu,VUT,2023,71.4769
Vatican,VAT,2010,81.5413
Vatican,VAT,2011,81.7071
Vatican,VAT,2012,81.9805
Vatican,VAT,2013,82.4736
Vatican,VAT,2014,82.6278
Vatican,VAT,2015,82.4639
Vatican,VAT,2016,82.8758
Vatican,VAT,2017,82.7189
Vatican,VAT,2018,83.3126
Vatican,VAT,2019,83.6243
Vatican,VAT,2020,82.986
Vatican,VAT,2021,82.946
Vatican,VAT,2022,83.3354
Vatican,VAT,2023,82.9848
Venezuela,VEN,2010,73.0922
Venezuela,VEN,2011,73.0895
Venezuela,VEN,2012,73.0858
Venezuela,VEN,2013,73.0765
Venezuela,VEN,2014,72.8371
Venezuela,VEN,2015,73.0044
Venezuela,VEN,2016,72.0019
Venezuela,VEN,2017,71.9026
Venezuela,VEN,2018,72.6415
Venezuela,VEN,2019,72.7664
Venezuela,VEN,2020,72.3693
Venezuela,VEN,2021,71.5364
Venezuela,VEN,2022,72.5656
Venezuela,VEN,2023,72.5142
Vietnam,VNM,2010,73.6107
Vietnam,VNM,2011,73.7126
Vietnam,VNM,2012,73.7619
Vietnam,VNM,2013,73.8207
Vietnam,VNM,2014,73.8859
Vietnam,VNM,2015,73.9554
Vietnam,VNM,2016,73.9837
Vietnam,VNM,2017,74.0265
Vietnam,VNM,2018,74.1004
Vietnam,VNM,2019,74.2113
Vietnam,VNM,2020,75.3832
Vietnam,VNM,2021,74.1448
Vietnam,VNM,2022,74.5025
Vietnam,VNM,2023,74.5883
Wallis and Futuna,WLF,2010,76.8087
Wallis and Futuna,WLF,2011,76.9293
Wallis and Futuna,WLF,2012,77.0467
Wallis and Futuna,WLF,2013,77.1567
Wallis and Futuna,WLF,2014,77.2859
Wallis and Futuna,WLF,2015,77.4504
Wallis and Futuna,WLF,2016,77.5447
Wallis and Futuna,WLF,2017,77.6279
Wallis and Futuna,WLF,2018,77.7633
Wallis and Futuna,WLF,2019,77.9936
Wallis and Futuna,WLF,2020,78.1637
Wallis and Futuna,WLF,2021,77.4609
Wallis and Futuna,WLF,2022,78.5005
Wallis and Futuna,WLF,2023,78.6286
Western Sahara,ESH,2010,67.492
Western Sahara,ESH,2011,67.8831
Western Sahara,ESH,2012,68.2373
Western Sahara,ESH,2013,68.6173
Western Sahara,ESH,2014,68.9533
Western Sahara,ESH,2015,69.2753
Western Sahara,ESH,2016,69.5959
Western Sahara,ESH,2017,69.8831
Western Sahara,ESH,2018,70.1433
Western Sahara,ESH,2019,70.3822
Western Sahara,ESH,2020,70.6126
Western Sahara,ESH,2021,70.8869
Western Sahara,ESH,2022,71.1432
Western Sahara,ESH,2023,71.385
World,OWID_WRL,2010,70.089
World,OWID_WRL,2011,70.4033
World,OWID_WRL,2012,70.824
World,OWID_WRL,2013,71.1417
World,OWID_WRL,2014,71.4038
World,OWID_WRL,2015,71.606
World,OWID_WRL,2016,71.8768
World,OWID_WRL,2017,72.067
World,OWID_WRL,2018,72.3885
World,OWID_WRL,2019,72.6093
World,OWID_WRL,2020,71.9166
World,OWID_WRL,2021,70.865
World,OWID_WRL,2022,72.6398
World,OWID_WRL,2023,73.1694
Yemen,YEM,2010,67.223
Yemen,YEM,2011,67.4124
Yemen,YEM,2012,67.569
Yemen,YEM,2013,67.961
Yemen,YEM,2014,68.0027
Yemen,YEM,2015,66.7613
Yemen,YEM,2016,67.1054
Yemen,YEM,2017,67.1198
Yemen,YEM,2018,65.9154
Yemen,YEM,2019,66.5673
Yemen,YEM,2020,66.4354
Yemen,YEM,2021,66.0191
Yemen,YEM,2022,67.9517
Yemen,YEM,2023,69.2952
Zambia,ZMB,2010,56.896
Zambia,ZMB,2011,57.8431
Zambia,ZMB,2012,58.704
Zambia,ZMB,2013,59.4452
Zambia,ZMB,2014,60.1091
Zambia,ZMB,2015,60.7284
Zambia,ZMB,2016,61.1285
Zambia,ZMB,2017,61.5644
Zambia,ZMB,2018,62.1381
Zambia,ZMB,2019,62.9145
Zambia,ZMB,2020,63.3607
Zambia,ZMB,2021,62.3631
Zambia,ZMB,2022,65.2791
Zambia,ZMB,2023,66.3487
Zimbabwe,ZWE,2010,51.9252
Zimbabwe,ZWE,2011,53.9112
Zimbabwe,ZWE,2012,55.3855
Zimbabwe,ZWE,2013,56.8422
Zimbabwe,ZWE,2014,58.106
Zimbabwe,ZWE,2015,58.9895
Zimbabwe,ZWE,2016,59.7601
Zimbabwe,ZWE,2017,60.2626
Zimbabwe,ZWE,2018,60.9055
Zimbabwe,ZWE,2019,61.0603
Zimbabwe,ZWE,2020,61.53
Zimbabwe,ZWE,2021,60.1347
Zimbabwe,ZWE,2022,62.3601
Zimbabwe,ZWE,2023,62.7748